Netz	1850	0.0	4.570362881320826	0.364905333247286
Cubi	1650	0.0	3.804120196714244	0.1696034309272443
verkehren	1850	0.0	3.7387273118281796	0.6926390315187961
vorbilden	1850	0.0	3.6149448799314134	0.8137313563984692
Leiter	1850	0.0	3.5527249274406585	1.187295682269317
tätig	1850	0.0	3.5304456912591964	1.37053419305982
Paulo	1850	0.0	3.477017268756086	2.896041690836903
bemächtigen	1850	0.0	3.4329558506697104	1.4598566573474003
wirken	1850	0.0	3.400014587613223	0.6965694589432351
no	1850	0.0	3.3474354342176587	0.7192213962666344
geneigt	1850	0.0	3.3149961368733933	1.649445655442911
Einfall	1850	0.0	3.2886927423720733	1.1329258314791126
Sekret	1800	0.0	3.2835131953210124	0.5469551951995247
Blatt	1850	0.0	3.267890208512861	1.1410697624024604
794	1650	0.0	3.266976331243542	0.22945268733572133
Geschehen	1800	0.0	3.2604667435722194	2.423443078551846
Lehrer	1850	0.0	3.2003198506937682	0.34452996731195296
entfallen	1850	0.0	3.190440575019871	1.7136855250529042
Reuter	1850	0.0	3.170132678566832	1.635666274115571
Exorcismus	1650	0.0	3.165523789906427	0.042939241613941616
is	1850	0.0	3.130125192027978	1.432378643540789
Niedergang	1850	0.0	3.1172007126042836	0.9163331052828377
danach	1850	0.0	3.103464165725567	0.7863584071155931
Verkehr	1700	0.0	3.093346329155976	0.11501627654534255
Kurt	1850	0.0	3.0412036764574677	0.6881704084709162
Marx	1850	0.0	3.039305110005504	2.03279687823157
Schaar	1800	0.0	2.968945939171716	0.9155949953177396
jenseits	1850	0.0	2.8837471591156856	1.0997108785794305
bilden	1850	0.0	2.8799201168757005	1.755714910381678
gründen	1850	0.0	2.8526179992182343	1.359987106201554
Boß	1850	0.0	2.8400130073847736	1.6763696099232401
Bad	1850	0.0	2.836767607833353	0.9519973098769231
Patent	1850	0.0	2.803290332264081	0.1536439814788215
leiten	1850	0.0	2.802687183941389	1.4330776216934364
Habitus	1650	0.0	2.801331364497338	0.2091249351020161
Character	1650	0.0	2.8009775704850983	0.47832552264386025
Catalogum	1650	0.0	2.748473515343569	0.44848097277353965
Akkord	1750	0.0	2.7313045009726356	2.2778516509304176
741	1650	0.0	2.7299217049278393	0.4113971138061367
Ferdinand	1850	0.0	2.716176101240615	0.13226933229484275
Wolfart	1750	0.0	2.7067817669846788	0.15519969674864648
verwendet	1750	0.0	2.686385056948205	0.7067543634365065
Huldigung	1850	0.0	2.6638983267668546	0.2936968120428824
Ewald	1850	0.0	2.661763235496064	1.3526316793276256
Kombination	1700	0.0	2.613196937272325	0.3453115560901998
Beckers	1800	0.0	2.6080210538039927	0.928720824151506
stücken	1650	0.0	2.592249130901187	0.031018196368937417
Landschaft	1850	0.0	2.591916949360086	1.1408246551905286
Goldschmied	1850	0.0	2.5846618826933874	0.8145067273824216
Bahn	1850	0.0	2.578636242981542	1.7124307971794095
angefangen	1850	0.0	2.571535096117833	0.5948261704372086
münden	1800	0.0	2.562186329900554	1.9899540637953177
Sohns	1800	0.0	2.561754401673344	1.3898523287418096
855	1650	0.0	2.555781807757421	1.049856356879355
aufbauen	1850	0.0	2.551648098015349	1.5923707182424007
anbringen	1850	0.0	2.539882733153409	1.9646340579423296
Inland	1750	0.0	2.530391005083154	0.1065487090140637
Georgia	1850	0.0	2.509730589161277	1.3644342092263175
Definition	1700	0.0	2.4960664006940023	0.9155719199103692
Publikum	1700	0.0	2.4927684586793317	1.2543916084352231
beiderseits	1850	0.0	2.4794667476264736	2.2996990299500406
bearbeiten	1700	0.0	2.473320807350136	0.2421240399970075
Herbst	1850	0.0	2.4654539901701256	0.9558645425506995
ungünstig	1750	0.0	2.4546309729948947	1.9036245622836296
Gregor	1850	0.0	2.448866504064444	0.981218120480099
Sela	1850	0.0	2.4463046363879264	0.3448787087137575
Reis	1850	0.0	2.440091989206064	0.5079193449982575
verbinden	1850	0.0	2.4354956856017544	1.3453977008016782
Zielen	1850	0.0	2.4283186992341417	2.3040016286201834
anschließen	1700	0.0	2.4229315297267098	0.23689044632952008
Verschluß	1800	0.0	2.4206540229596625	0.6620734841516929
Woldemar	1850	0.0	2.4183912409884747	1.6301199595172973
Austritt	1700	0.0	2.4156188172784785	0.4801576566526505
betreiben	1650	0.0	2.4150485456918034	0.27842988672170194
studieren	1850	0.0	2.4080174026991443	0.8578795212841794
einschalten	1700	0.0	2.400668999987592	0.9305009331861392
Fahne	1850	0.0	2.39351403108468	0.7000075914581916
Spanier	1850	0.0	2.3817234269590557	0.34226197792706314
aliquot	1800	0.0	2.3729490696921554	0.027410247449481607
geführt	1850	0.0	2.3728703794374937	0.9564535800414432
Vergleich	1800	0.0	2.3707849318827616	1.6146161813558477
geeignet	1800	0.0	2.3685033753469775	2.3827205139183696
nachher	1700	0.0	2.35296651245599	0.641950146449288
Werkmeister	1850	0.0	2.3496420358948704	0.09322615899557747
Sonn	1800	0.0	2.343581323896901	0.20638756404788444
geartet	1800	0.0	2.342953069482367	0.02692854844272641
geleitet	1750	0.0	2.3403390979716274	1.4969269132887666
Überschreitung	1800	0.0	2.3390489819303992	1.6885358693787014
erfassen	1750	0.0	2.3389197778877544	0.057382847549597785
Übergang	1700	0.0	2.3380065744809384	0.23359922815203354
heraus	1850	0.0	2.337276987483301	0.248875089938176
Auflage	1850	0.0	2.3333315828413697	1.3011099483340003
weilen	1850	0.0	2.3274814553809913	0.8289073287124168
ständig	1800	0.0	2.326565073335952	1.378463511351434
antreiben	1850	0.0	2.320370272935084	0.06759093532557077
heissen	1850	0.0	2.318912820399399	1.829510060346483
Entwerfung	1750	0.0	2.317560703894696	0.019030444652527127
Pause	1700	0.0	2.3159236343619938	0.32504284859286453
für	1850	0.0	2.3127096693392732	0.8249333411203401
Konto	1850	0.0	2.308895536670313	1.0001435179696743
Anzug	1700	0.0	2.304219220637651	0.4853509811329466
absolvieren	1850	0.0	2.3036246362472927	1.064878608172051
Objekt	1700	0.0	2.3004390607960774	0.2050861924526828
abscheiden	1750	0.0	2.2924064316999453	0.7991290944566769
erobern	1850	0.0	2.2914124294547986	0.5530730345894691
Anbringen	1850	0.0	2.287554746734596	1.6936464176056645
Spekulation	1700	0.0	2.2794054269430757	0.17932791932406159
Kriegswesen	1850	0.0	2.2692533975754356	0.05061365255703772
überweisen	1850	0.0	2.2646076521955476	0.8916898831618119
Verband	1750	0.0	2.262662308903326	0.8551019752141453
Hochschule	1750	0.0	2.2596716333220868	0.516748470832
übertreten	1850	0.0	2.254834598601147	0.4375297549454441
Ernste	1800	0.0	2.253916461758357	1.0812580387853536
Nummer	1700	0.0	2.252599874023476	0.26726917097978564
einleiten	1750	0.0	2.247619810252067	1.107291985410258
fertigen	1850	0.0	2.245251247176437	1.585983822439069
Wallenstein	1850	0.0	2.2400975530165272	1.7533755343340027
Operation	1700	0.0	2.231147707162009	0.22307636428868122
kommunizieren	1750	0.0	2.230970081089245	0.14874420714777173
Wasserbad	1800	0.0	2.230743413559853	0.036833802587199434
leben	1850	0.0	2.2263986973266854	0.10093123748376866
zuteil	1850	0.0	2.224626667264861	1.645712354030827
Zuführung	1800	0.0	2.2194463909062434	0.15081713684009018
dar	1700	0.0	2.219288710036214	0.15085270164398615
protogen	1850	0.0	2.2156383465348517	1.6787213388542754
Stadion	1750	0.0	2.2115417624415423	0.14897263899666327
Kondition	1850	0.0	2.2106313897844405	1.0427712379592995
Einstellung	1850	0.0	2.2066685049965784	0.7028761910350781
greifend	1750	0.0	2.1934933537700436	0.5993050733092286
priori	1800	0.0	2.193316495613945	1.1719107360032166
Auskunft	1750	0.0	2.1930249543165306	1.9463732374220046
Hebung	1750	0.0	2.1895557796897323	1.3861910356490645
ruhend	1700	0.0	2.181555326919229	1.1597453620287264
Abweichung	1650	0.0	2.1773530902528213	0.11028398188440434
rege	1850	0.0	2.174483107706429	1.6194161860858864
Barmen	1850	0.0	2.168969238647825	0.4514271388164597
Verein	1750	0.0	2.1642118468777674	0.8611674930681275
zugehörig	1850	0.0	2.158714085326059	2.0443524154782384
erlernen	1850	0.0	2.1565450226877014	0.3617801837875657
verladen	1850	0.0	2.1559387520718225	0.45789744909005886
knapp	1750	0.0	2.1551599376181594	0.3246819730681121
Gelingen	1750	0.0	2.1522821744096627	0.7444442307038031
Fächer	1700	0.0	2.1518854086128982	1.0870059036211375
vorliegen	1750	0.0	2.1494946592916304	0.6006434674469626
angelangen	1850	0.0	2.1466061244650523	1.0509554782915063
dienen	1850	0.0	2.1450318755604973	0.9922263599787452
verwenden	1850	0.0	2.1445743460133766	1.33893031621098
betragen	1850	0.0	2.1403282801772203	2.1146049860485197
782	1850	0.0	2.1388074239207495	2.6406973356424523
circa	1800	0.0	2.131080062376762	0.9833813307814313
Vermeidung	1850	0.0	2.1243150738211876	0.645731752611874
Gasthaus	1750	0.0	2.122362695953324	0.41143972313321747
Futterung	1750	0.0	2.120188339829093	0.09135674204294503
konsequent	1750	0.0	2.117782008906823	1.5666030681600878
Minimum	1750	0.0	2.116859064655983	0.13831905496749589
eintragen	1850	0.0	2.111658395787085	1.674237177179432
gerade	1850	0.0	2.111274167975244	2.0540950045538926
gebären	1850	0.0	2.109929830481817	0.35336539964275665
Wärter	1850	0.0	2.109147205124249	0.48326416008492523
Donna	1850	0.0	2.1083611242546536	0.3777605238537739
real	1650	0.0	2.101836605548091	0.4219074900124067
vorgenannt	1750	0.0	2.101683379983652	0.468030868706489
betrauen	1800	0.0	2.1010281045094445	1.312294901823061
Auslösung	1800	0.0	2.100391550477942	0.3094199525450879
abbilden	1850	0.0	2.093097605427628	2.003601293516519
aufgenehmen	1700	0.0	2.0919123385906233	0.824350305249358
Vorwort	1700	0.0	2.091857955323837	0.24196156258086174
Christian	1850	0.0	2.090260627374517	0.021749515207086983
Studium	1700	0.0	2.0863303624856893	1.202782267964018
Apollonius	1800	0.0	2.085856356127392	0.7366830847057854
Geographie	1650	0.0	2.084973615597241	0.3158632819238841
Richtung	1700	0.0	2.083357877571829	0.04919891633251434
Leut	1850	0.0	2.076258074802884	0.36749449759953495
konstant	1750	0.0	2.076032304248438	0.7109965898987892
ausgeführt	1700	0.0	2.0756415548738714	0.5019590444311709
eröffnen	1850	0.0	2.075425031027817	0.7540829235030243
Anhang	1850	0.0	2.0703560189193366	1.9261943229951985
Rasche	1850	0.0	2.069624754302382	1.3749370207500144
Reflexion	1650	0.0	2.06585415398194	0.37120765765176517
Franzose	1850	0.0	2.0598655051747463	0.030136992978152945
nachstehend	1700	0.0	2.0596749560933816	1.00294835244488
durchführen	1700	0.0	2.0502482076949904	0.33861601584424594
fortan	1750	0.0	2.043385384871615	2.171788842204325
ergeben	1750	0.0	2.0425770192774984	0.0037960110071916723
Spanische	1850	0.0	2.034969246452428	1.0595330604359645
Ausfuhr	1700	0.0	2.030436863935404	0.6994363370825057
Verlegung	1800	0.0	2.0274200512063505	1.8312442262047068
Deklination	1650	0.0	2.024737798861612	0.1975424200648545
verbringen	1850	0.0	2.0238556413360915	0.8772827803142588
getrennt	1700	0.0	2.0217289043309172	0.4875034567300324
Einigung	1750	0.0	2.0205280516390434	0.20930945625983957
vormals	1850	0.0	2.0145171391102856	0.9089533627332427
Zäsur	1850	0.0	2.0116687591676996	1.211722793946719
Schlagbaum	1850	0.0	2.0013127293784985	0.18316971325546177
Kontinent	1850	0.0	1.9996257417264904	1.673287825585631
befördern	1850	0.0	1.9988316229672471	0.8330491854878379
Vetter	1850	0.0	1.9985926398769744	0.15047852261024233
Lothario	1700	0.0	1.9914496487753495	0.7945878742465419
Jura	1750	0.0	1.986957068648336	0.04374882464631426
Dorothee	1850	0.0	1.985311974904244	1.1678664171690063
Lehramt	1850	0.0	1.9765599890514391	0.6426211665514834
Mähre	1850	0.0	1.9700650125020713	1.4567659009155614
Schanz	1800	0.0	1.9679434272868856	0.4530051248697556
Gens	1700	0.0	1.9661053327780689	1.4305204541222283
verbleibend	1800	0.0	1.965257098790003	0.6063341808313467
vorbauen	1850	0.0	1.96301976065787	0.45571814040465847
Prüfung	1850	0.0	1.9597224530858062	1.683244964740695
Abnutzung	1800	0.0	1.9556016946853179	0.545335860920277
Grat	1800	0.0	1.953745907456256	0.49999463513000175
Absterben	1750	0.0	1.9526459429563925	0.12979102512886503
neuerlich	1700	0.0	1.9523744604846354	1.5540134452314958
Eigenschaft	1850	0.0	1.947850943345941	0.3684407284649084
Pardon	1850	0.0	1.9475246162977267	0.4211387790302804
zufolge	1700	0.0	1.9349491198703306	0.6044038566458177
Faktor	1750	0.0	1.9303818617684603	1.2941386905249908
jenige	1750	0.0	1.92899951813135	0.7690005156796647
Kurs	1700	0.0	1.9288403569823585	0.8092094410322774
Basis	1750	0.0	1.9272786973893352	2.058043312504485
Präparation	1800	0.0	1.9250359318491346	0.38728631552687787
einstehen	1750	0.0	1.9236128503418717	1.2301762462555619
unterstellen	1800	0.0	1.9208028705387936	1.048442461485982
Dogma	1750	0.0	1.9191632731856216	0.5725269208359466
ersehen	1650	0.0	1.9173439242206607	0.4243538641376907
direkt	1700	0.0	1.9053202078026659	1.4246143650286462
decken	1850	0.0	1.9033129968787217	0.7636886556340853
Abstand	1700	0.0	1.900946014056151	2.140159653231785
promovieren	1850	0.0	1.900804976704031	0.4687731876608755
anderthalb	1850	0.0	1.899358170503337	1.0332427438568261
überliefert	1800	0.0	1.8960283291044426	2.0220454172262974
Trompeter	1850	0.0	1.895732750526521	0.2047199034135032
eingehend	1750	0.0	1.894139619040994	0.46013345510197917
markieren	1800	0.0	1.8926716352958568	0.6769855129473477
versetzen	1850	0.0	1.8920300507004888	1.4626021181817408
auslösen	1800	0.0	1.8880787281458415	0.45821803560117924
Agnes	1850	0.0	1.8872675717159597	0.3501865476480083
erwerben	1850	0.0	1.8828107468198083	0.4680073088925576
begründen	1750	0.0	1.8788287953399634	1.8164923838295148
Ruhr	1850	0.0	1.8738172613434427	1.3560904216532406
erfinden	1850	0.0	1.8735515830723428	1.0368773522323818
gravieren	1800	0.0	1.8669218846812348	0.22990691343725617
romanisch	1800	0.0	1.8656371999108443	1.97119527840732
Reichsrat	1750	0.0	1.8638008018312953	0.8154154803587548
Reinigung	1850	0.0	1.8618112759205938	0.7865996134169904
ausführen	1850	0.0	1.8603193171503338	0.8709024510436606
knüpfen	1700	0.0	1.8597975483279325	0.4768496304665971
Inner	1650	0.0	1.8587441612909372	0.7123326312242028
absolut	1700	0.0	1.8574945873912436	0.8599759299072264
Kant	1750	0.0	1.855446831072606	2.4178501202650646
umfassen	1850	0.0	1.8507905759143075	2.5227923634917344
beweglich	1700	0.0	1.8478293929855651	0.22985384357639824
hinstellen	1700	0.0	1.8451094860482882	0.6136177968420304
Engländer	1850	0.0	1.8437312357038678	0.09024222249721424
sprachlich	1800	0.0	1.8434378377699652	1.9097456839954865
Endung	1700	0.0	1.8430291115195585	0.421285155479517
428	1700	0.0	1.838979663789936	0.6314906627849064
Firma	1800	0.0	1.8379503817761487	1.81066539861798
Treiber	1850	0.0	1.8370578814688177	0.35631058709647495
Wachs	1850	0.0	1.833306622733668	0.20777847733343086
entnehmen	1800	0.0	1.8325307254649137	1.792242086967853
innehaben	1850	0.0	1.826403036437675	0.021120428368186804
Kartell	1850	0.0	1.8256944014180918	0.22626541247890294
Übertretung	1850	0.0	1.8253216134941652	0.7143543602228076
1800	1750	0.0	1.8179817751629628	0.2993543489572934
na	1850	0.0	1.8166469612870828	1.0776110501270462
Erreichung	1700	0.0	1.8157822528132095	1.2686871698881317
Volk	1850	0.0	1.8151251648305557	0.6558782809733992
Nachtmahl	1850	0.0	1.8144752610049943	0.9786370180096219
gedenkt	1750	0.0	1.8144200145916787	0.02421415450659612
Adams	1800	0.0	1.8143678887887267	1.638099074949494
Fritz	1800	0.0	1.8142284469779808	0.7829653257232249
748	1850	0.0	1.8111426858546298	2.2273229824763874
Bedarf	1750	0.0	1.8100649922686374	0.14295458389621757
Heim	1850	0.0	1.8052720986541626	0.7657625097046968
erhöhen	1850	0.0	1.8042538012441431	1.8334640882796571
Vorbildung	1800	0.0	1.8028797474439486	1.0481331233369582
badisch	1750	0.0	1.7947453319349962	0.5636153031295537
Span	1650	0.0	1.7946405270768868	0.032097925563233584
religiös	1850	0.0	1.79460347147592	1.5600847671865636
erwünschen	1800	0.0	1.7945335721912596	0.4967527498836482
Schnepfe	1850	0.0	1.7933107851215677	0.6330297377590497
untereinander	1850	0.0	1.7921987431944988	1.0366691736401785
Ludwigs	1850	0.0	1.7915807879395351	0.274947995770179
Verlängerung	1700	0.0	1.7912291077377174	0.499465506326917
heimkehren	1750	0.0	1.791190255895664	0.6146652416174412
aussehend	1750	0.0	1.7904822960856708	0.697109154750016
vorgeschießen	1800	0.0	1.7900940104083458	0.105385441703805
eingegehen	1700	0.0	1.7900041707499108	0.059442697220288734
Beiwort	1850	0.0	1.7859918697263213	1.9348833411505988
Werkstück	1800	0.0	1.783952816339234	0.8945102765509911
überliefern	1850	0.0	1.7837648583965555	1.2397838638479208
reichend	1750	0.0	1.7828657100328464	1.3451561544973007
Brenner	1800	0.0	1.7826462556008422	0.780302980405978
Bürgern	1700	0.0	1.7812933024007966	1.1278357079315013
Schaffen	1800	0.0	1.7739482519021892	1.4923471282807228
Antrieb	1850	0.0	1.7737479712044544	1.17556278362367
ausbauen	1800	0.0	1.7722318124091387	0.23755726939317898
ausfallen	1700	0.0	1.7685979670517336	0.36956586261893754
unzweifelhaft	1750	0.0	1.768035902789433	1.0241711035298746
angeordnet	1850	0.0	1.767373251250221	1.904502009663342
Heide	1850	0.0	1.766000261137949	0.1323340874097192
erdig	1700	0.0	1.759377311099145	0.259192572696593
Inklination	1750	0.0	1.7582321121777587	1.4861417658375158
Pfarramt	1850	0.0	1.755575691216199	0.005161023188514974
Beschaffung	1800	0.0	1.7551859780569832	0.7951835124663552
Georg	1850	0.0	1.7527625268216531	0.34849368250628826
tragend	1850	0.0	1.7522652392162263	2.4584510783347353
Fortsetzung	1700	0.0	1.7513260923067655	0.4152346225623141
Akzidens	1700	0.0	1.7507586866693057	0.32832601293291286
Säkulum	1750	0.0	1.7491543033135748	0.714418071552843
Röm	1850	0.0	1.7487133870283895	0.3217686744632302
neunzehnt	1700	0.0	1.747721190414236	0.23345741057975117
vorübergehend	1800	0.0	1.745147075357766	2.116229267047589
sonderbar	1700	0.0	1.7441242135144879	0.07319234856162153
uralt	1750	0.0	1.7437712345047687	1.076356539823127
Scherer	1800	0.0	1.742187735063286	0.050361583374571584
Drang	1700	0.0	1.7420573492557447	0.12411466168265856
passen	1650	0.0	1.7401379232539644	0.01253034822449329
nennen	1850	0.0	1.7391926291645357	1.2512893394093934
Tötung	1750	0.0	1.738451540889277	0.34428048199913647
angebracht	1700	0.0	1.7383260013201332	1.4087323726838232
Antonio	1850	0.0	1.7360855242053017	0.8936614033460625
enthalten	1650	0.0	1.7297595458576227	0.06392545787299089
sch	1850	0.0	1.72610485616155	0.9653671606132925
769	1850	0.0	1.723929398560589	2.087993331964083
Auslage	1750	0.0	1.7162617020885058	0.10749269044550988
Würdigung	1800	0.0	1.713936507102869	1.628974068653609
Tele	1800	0.0	1.711464181483833	0.08310880605695811
baulich	1800	0.0	1.7104351497289032	1.634495915448074
Verkleinerung	1800	0.0	1.7096327200408081	0.720495907231703
Kran	1850	0.0	1.708834609463966	0.5682237810152923
Instanz	1650	0.0	1.707686876303861	0.19646193183421787
Lage	1700	0.0	1.7052135308350955	0.6918674807247686
wesentlich	1850	0.0	1.7004265070776499	1.1042644114466165
Holländer	1850	0.0	1.69980121610944	0.15683206562850205
Partie	1650	0.0	1.692589265781759	0.6036484947435803
Maillard	1800	0.0	1.6879819340239486	1.1464548064945888
hiernach	1800	0.0	1.687517388042521	2.1850498681791657
Arithmetik	1700	0.0	1.6873395287282091	0.29027968487458017
Brünn	1850	0.0	1.6850273254989845	0.8020063896042426
Konservation	1700	0.0	1.6839064236931969	0.1114746890735797
Grimm	1850	0.0	1.681867775486265	0.6891836049671357
dargeben	1700	0.0	1.681818170646622	0.3567241939070571
Enge	1800	0.0	1.6715812616187788	1.2642232441558752
zollig	1750	0.0	1.6713520255581447	0.30657562649388115
arithmetisch	1700	0.0	1.6684519611171724	0.9765548766591716
dato	1800	0.0	1.667692269371337	0.8257041170076109
Kap	1750	0.0	1.665894827922369	1.255391458581689
Zyklus	1750	0.0	1.661027844519102	0.162366850092605
aufwerfen	1700	0.0	1.6586383077874158	0.40046248403316764
Träger	1750	0.0	1.6569444878138142	0.6666228011817263
Durchfahrt	1750	0.0	1.6568823140079785	0.5520985076179407
Konsul	1700	0.0	1.6564854571996475	0.09857069066326404
Sanktion	1700	0.0	1.6547035789395823	1.406410416333689
flott	1800	0.0	1.654225833825302	0.6647846159014548
Übrige	1650	0.0	1.650054317963719	0.13840438070738312
885	1850	0.0	1.6496764738719603	1.9779625265194432
Kleist	1850	0.0	1.6476078896075441	1.328520281342834
befahren	1750	0.0	1.646808874471409	0.7942915018754728
scheitern	1750	0.0	1.645783219153809	1.1648858163469813
Motiv	1700	0.0	1.6454875972593004	0.2640084173178264
Serra	1800	0.0	1.6429990393934961	0.32015698855820945
Gleichung	1700	0.0	1.6421864929576546	0.5822537026895362
Ptolomaeus	1700	0.0	1.6418265145275646	0.0883493204535787
abgehandelt	1700	0.0	1.640654984395483	1.5733053623143083
Abzug	1850	0.0	1.6394041007871394	0.13566520494567305
Berechnung	1700	0.0	1.6300876116610148	1.6972546208227954
ausgeübt	1750	0.0	1.629645784623218	0.5345037040540465
Gesetz	1850	0.0	1.6259344709402226	0.41351197881348606
streifen	1800	0.0	1.624470144490928	1.0620154099320287
variieren	1700	0.0	1.6233410515466207	1.1476618045365776
übersetzen	1850	0.0	1.6218254645160917	1.9218541049190867
dosen	1700	0.0	1.6187121397202784	0.35665626153909963
Senke	1750	0.0	1.616838333090743	1.1068251295538356
Revision	1700	0.0	1.616107797796481	0.4053756750373504
geistlich	1850	0.0	1.6158470410509393	0.28728137457747166
Sardinien	1850	0.0	1.6144273522733346	0.591278162275524
bedeutend	1750	0.0	1.6141406813172738	2.282346387568313
Statthalterei	1850	0.0	1.6139206785157676	0.8606225115418478
Isabella	1850	0.0	1.6128180087976185	0.5304015927133963
Überhöhung	1850	0.0	1.6103176809539208	0.980442229374742
Legende	1750	0.0	1.6097577151567994	0.8209916599993763
angeben	1850	0.0	1.609024574687061	1.6819392649695466
Werken	1750	0.0	1.606437558305779	0.46938258572240865
angewendet	1750	0.0	1.602528795208099	0.6427742941094777
Cumana	1800	0.0	1.6019829897207905	1.3302865071568946
Fischer	1850	0.0	1.6004545363157616	0.6956846024036081
Bodensee	1800	0.0	1.5965617264455223	1.0803499946087354
straßburger	1750	0.0	1.596550328064135	0.1127779872457445
Assistent	1850	0.0	1.5952680713858438	1.2124568152790034
unerwartet	1700	0.0	1.5937849220053064	1.276575378408638
Heft	1850	0.0	1.5925465460501684	1.8569945756706523
Heinrichs	1850	0.0	1.5923995185175441	0.6951799546107656
Darstellung	1700	0.0	1.5923955740594642	0.49036607068906557
Versehung	1850	0.0	1.5902058919192	0.3559671769390679
Hauptsache	1700	0.0	1.588670181172789	0.39250074047518146
definitiv	1800	0.0	1.5877538537215572	2.3108153939417493
Differenz	1700	0.0	1.5864003722252689	1.113953693522705
geringfügig	1750	0.0	1.5857489042071062	0.716943034528987
abstellen	1850	0.0	1.5854735723955464	0.2808693179011911
Betracht	1750	0.0	1.5834159201075744	1.3258109190317848
verteilt	1650	0.0	1.5811448567794397	0.30021157306554724
Gepräge	1700	0.0	1.5796476560376889	1.2460506341839486
Friedrichs	1650	0.0	1.5739067826292652	0.0714292911347216
Rolle	1700	0.0	1.5719780425419294	0.838211659814291
Inspektor	1700	0.0	1.5708343005483014	1.1151708734764174
mancherlei	1850	0.0	1.5700887550675011	0.2983851863842186
Erweiterung	1700	0.0	1.5700300291316958	0.6710990851394161
bekleiden	1850	0.0	1.5698431814046359	0.6999415360398036
Hungern	1700	0.0	1.5654294648526603	0.3272019773600081
Bueno	1850	0.0	1.5628107153821502	0.7203447284702844
Rast	1850	0.0	1.5616757665570655	1.4707341513279577
versehen	1850	0.0	1.5604709071591518	0.28023190911981677
Koch	1850	0.0	1.558878092118813	0.3608751725435092
anwenden	1850	0.0	1.5563626348048585	0.7609096469691463
einlassen	1850	0.0	1.5537387143547534	0.6312912319640734
Unsicherheit	1700	0.0	1.5532674778534612	0.040822575229880455
Kolonie	1650	0.0	1.5530924314658576	0.3333780454798659
Baseler	1800	0.0	1.551583460318458	0.17386095254110145
Annahme	1800	0.0	1.5489502162269462	2.1455734685262287
Hauptwerk	1850	0.0	1.5456278396628294	1.6042504211545046
Neu	1700	0.0	1.5450667435255754	0.059486117909086304
Gerede	1750	0.0	1.5440363646964674	0.30391521425618295
Gefälle	1850	0.0	1.54250990721414	1.6427996091497223
Teneriffa	1800	0.0	1.5402306157282122	0.38407740133107016
Einwohner	1850	0.0	1.539514261527517	0.1711395652270685
Band	1700	0.0	1.5392961148451145	0.8670356436721276
anlehnen	1750	0.0	1.533951166753517	1.174201561358339
einführen	1850	0.0	1.533735257033861	0.7419902308757242
überaus	1850	0.0	1.5319931486380176	1.4944079321659285
unterbleiben	1700	0.0	1.53194222948548	1.3585018141653638
verabschieden	1800	0.0	1.5299753898495512	0.05248406124629537
auffassen	1700	0.0	1.5294932600555338	1.367999389506141
zusetzen	1800	0.0	1.5294851553254112	0.5831312731100187
befreundet	1750	0.0	1.5277744183005626	0.36648305849553225
geschaffen	1800	0.0	1.5262705478997662	0.5119956954427082
Hutten	1850	0.0	1.5240783498575683	0.053477441010931374
Pilgrim	1850	0.0	1.5239051202220448	0.4066653607036369
teufen	1700	0.0	1.5227765307427912	0.13212893026741596
treuherzig	1850	0.0	1.5179205895109595	0.2658593943456716
mitwirken	1700	0.0	1.5152554008509687	0.23399666752126932
Hauff	1800	0.0	1.5144077659205604	1.3587797941755628
Unfall	1850	0.0	1.513943658114174	0.6881856220220016
andererseits	1700	0.0	1.512618228309793	1.6548469647082231
Haftung	1800	0.0	1.5115749477300584	0.029138681058584283
spanisch	1850	0.0	1.511326365443418	0.6313429840438342
Bresche	1800	0.0	1.5111202894973523	1.1473385914836105
Leitung	1850	0.0	1.5059486833652915	2.2263397742299036
ferner	1850	0.0	1.5009352899362414	1.331103139223052
solange	1700	0.0	1.5002228814153236	0.45355303025932187
559	1850	0.0	1.4993531793012582	0.7032478177786864
wo	1850	0.0	1.4957736504886916	0.3709836020121452
390	1750	0.0	1.4956108030521238	0.8706121646819277
Ver	1650	0.0	1.491789458499173	0.20591307282738394
selbständig	1750	0.0	1.4912887217226891	0.795127928821566
Konstellation	1750	0.0	1.4912372361438557	1.0290034224717968
formal	1700	0.0	1.489298785271129	1.4268041333947397
Matt	1800	0.0	1.4892228074717997	0.4818691351640736
Sicherung	1850	0.0	1.488854217772303	1.3247945867062927
behindern	1750	0.0	1.4885380872845093	0.6073359932555571
Ablauf	1650	0.0	1.4879369539255412	0.1302037520851154
Sperrung	1850	0.0	1.4876160237631946	0.35820096834160325
Berner	1800	0.0	1.4867777607497603	1.3456642855486745
riesig	1800	0.0	1.4859179747536262	0.7035101869968394
verschmelzen	1750	0.0	1.484803319476038	1.4802501392998528
And	1700	0.0	1.4821639656582375	0.5806853053901467
Wiener	1750	0.0	1.479537530625838	2.0703781466146958
Mitteilung	1650	0.0	1.4788856336519691	0.531363566451271
zuweisen	1800	0.0	1.47840333731392	1.10591716790579
lasten	1700	0.0	1.4780688513684854	0.6335205799861927
Otto	1850	0.0	1.4773518823913516	0.250036391004364
900	1750	0.0	1.4748364385581956	0.40753917298440445
450	1750	0.0	1.4743445720896105	0.0896120001205485
getragen	1700	0.0	1.4723554081234194	0.060629062491628714
Bremer	1750	0.0	1.4679476926580262	0.30624061161950433
Oberland	1800	0.0	1.466189432749813	0.6157998209685417
Besitzung	1850	0.0	1.4657500345974004	0.8449825909349701
350	1700	0.0	1.46467451209318	0.48748559822093024
daktylisch	1800	0.0	1.4631289414983564	0.8389048678627397
entweder	1850	0.0	1.4629614573766108	0.4920315865420735
eignen	1800	0.0	1.457416728207407	1.4693719352540184
ebenmäßig	1800	0.0	1.4562756947696207	0.42086545410657367
287	1700	0.0	1.4523712509284814	0.0478448211423515
Medizin	1850	0.0	1.4519009345731466	1.6792885962612
Erregung	1700	0.0	1.4505198617738528	0.7510442768863301
bedingt	1750	0.0	1.4484005851835442	1.8528742497749384
Anordnung	1700	0.0	1.4477074090554485	0.19647103756166232
ausgesprechen	1750	0.0	1.4473127646043342	0.3045150213344997
arbeiten	1850	0.0	1.4458185586588057	0.4906648375210566
Erneuerung	1750	0.0	1.444851075233562	0.9197719198272252
Verhandlung	1750	0.0	1.4444003533153476	0.9159837814631037
mustern	1850	0.0	1.4423616608118035	0.8657736639029537
Klaus	1850	0.0	1.4411727904618086	0.21468829019394253
Einsetzung	1850	0.0	1.4385422146784512	0.6950647477196401
Voreltern	1850	0.0	1.43754079888095	0.862278448063839
tagen	1800	0.0	1.434765314393668	1.0480187968893337
besagt	1850	0.0	1.4322246116938104	1.1191058156670357
beheben	1800	0.0	1.432151951318458	0.3669209285824041
Grad	1850	0.0	1.4317733264892913	2.4274747523412725
wahren	1750	0.0	1.429642057758517	0.7882856594133639
Franc	1650	0.0	1.4294301305301216	0.29639551786391355
rück	1700	0.0	1.4288892727846412	0.03127737719816368
Sublimation	1800	0.0	1.4274791031454501	0.0199167050266427
liefern	1850	0.0	1.4256505613883097	1.6236755252835784
Ablegung	1850	0.0	1.4224182474188585	0.022805101597783893
indirekt	1750	0.0	1.4221948467456238	1.5486786621410797
Verlauf	1700	0.0	1.4221892213355372	0.060016620679475934
traktieren	1850	0.0	1.420209399298526	0.6503609631434336
Nan	1800	0.0	1.4200476799211705	0.2225002215865868
herrühren	1650	0.0	1.4183084037000449	0.09577879741832365
selbig	1850	0.0	1.4182576658341963	0.42681577413146743
Affektion	1750	0.0	1.4134560760603327	0.238999490296574
konfirmieren	1850	0.0	1.4120013723807667	0.016984162897865456
gegen	1850	0.0	1.4114439585192637	0.20769187711955994
Pfuel	1650	0.0	1.4110075048807642	0.24277567270154451
Zugang	1850	0.0	1.4105821236377079	1.220253045043356
Papiere	1650	0.0	1.4098392220706057	0.21561128014936787
288	1750	0.0	1.4089249726600275	0.6765433493507205
abgelesen	1800	0.0	1.408451847767444	0.013668824976865224
Erlangen	1850	0.0	1.407437703187108	1.176665571031837
vermauern	1800	0.0	1.4060797604280388	0.5807632547317908
absterben	1700	0.0	1.4054939120670753	0.08913929685621831
Trait	1650	0.0	1.405388722190431	0.020910488941278418
Neue	1650	0.0	1.405227232788863	0.0796371306022236
Gymnasium	1750	0.0	1.404845272292554	1.645188481478123
behandeln	1700	0.0	1.4013890360556631	0.4454624253023236
Inspektion	1800	0.0	1.4009153161229981	1.0352360814271013
Erwartung	1700	0.0	1.4007302635506136	0.3156485724714038
Plan	1650	0.0	1.4004539633768105	1.0193093188759441
einfach	1650	0.0	1.4000140517523494	0.7797210160842416
korrekt	1750	0.0	1.3974334508655564	1.1863622959822588
Apelles	1800	0.0	1.3972428584427152	0.7331017048617382
130	1700	0.0	1.396724361579233	0.5772876364917371
wohlhabend	1650	0.0	1.3965767458839	0.3048504236602334
sämtlich	1800	0.0	1.3965689753232455	0.6284766537887774
gangbar	1650	0.0	1.3954303565921231	0.2873466661311882
245	1750	0.0	1.393909072906208	0.44156330583091014
Besorgung	1700	0.0	1.3931054397599136	0.6776864238302212
privatim	1850	0.0	1.3907488160869368	0.013333950880170994
wogen	1750	0.0	1.3886017879598351	0.31811323900265925
Befriedigung	1700	0.0	1.3859470237014369	1.4537501724620816
Weiß	1650	0.0	1.3854257220757713	2.00239326232835
Mitwirkung	1700	0.0	1.3852154693418974	0.6229049219088778
zuverlässig	1700	0.0	1.3847341670340867	0.4015042303974641
Schutz	1850	0.0	1.384146292650864	0.7769029900704703
gleichmäßig	1750	0.0	1.3828840512567067	1.570400227222981
Walten	1800	0.0	1.3828229784238903	1.149647637251106
146	1750	0.0	1.382514327515376	0.34237225725900344
eingangs	1800	0.0	1.3821279338883503	0.5229800143349236
Einwendung	1700	0.0	1.3813009564535814	0.5828038148032538
fahrend	1850	0.0	1.379491218509867	0.1532458285435771
zweien	1850	0.0	1.379088997028768	0.46954842861447676
Heller	1850	0.0	1.3789394582527135	0.5998882520077717
Assessor	1850	0.0	1.378765402995807	0.7997469822225293
zeigen	1850	0.0	1.3785120372913005	0.9790577962259677
lagern	1850	0.0	1.37763467192992	0.6233964391935434
Inländer	1750	0.0	1.3774540065086702	0.05142058200155451
Aufwendung	1850	0.0	1.3761493300049057	0.8319937291274923
Werkstätte	1700	0.0	1.3712525630658678	1.3220560987561736
272	1750	0.0	1.3707863715469597	0.8772225327417107
verpachten	1650	0.0	1.370522670821237	0.3496024472570754
190	1750	0.0	1.3693914988490254	0.32055826470968934
aufstellen	1700	0.0	1.3684740767384993	0.6362046088542036
Wagner	1750	0.0	1.3681433840066308	0.26614818531939455
351	1750	0.0	1.3680899272897187	0.04810901409253239
schwebend	1700	0.0	1.3669775237416741	0.21177052735959212
Scheidung	1800	0.0	1.3666241113628816	1.1670318246943956
gotisch	1650	0.0	1.3664058918627833	0.33299890682780897
Ägypten	1850	0.0	1.3662292733809596	0.3543191722684972
Juan	1850	0.0	1.3659941062679652	0.820931787093818
bestehen	1850	0.0	1.3631185480713133	1.121772868199628
217	1700	0.0	1.3625920171823456	0.11836072008329064
270	1750	0.0	1.3621341241882616	0.5064476655147904
überschreiten	1700	0.0	1.3618975011508718	0.08859268641095217
379	1750	0.0	1.3616961555641875	0.7925376004743236
Ararat	1800	0.0	1.3591998749242513	0.3285849788038356
Verurteilung	1750	0.0	1.3587894307734742	0.9263740998681232
Ergänzung	1750	0.0	1.3567239370329451	1.5748489582971412
269	1750	0.0	1.3561534159353925	0.47380272812046226
232	1750	0.0	1.3556218415068524	0.22301869791287962
Komposition	1650	0.0	1.3532637450036686	0.7303403888833095
gegenüber	1800	0.0	1.3526916850894826	2.389797897349563
verehrt	1750	0.0	1.3522781799871288	1.088299806216662
lombardisch	1850	0.0	1.351383058028173	1.202959658491159
kehren	1850	0.0	1.351229328698288	0.07042481679869819
bedingen	1750	0.0	1.3492990067081756	0.008848990119063918
219	1700	0.0	1.349123423235513	0.7287446016871731
zustande	1700	0.0	1.3470805550421208	0.08697666642062336
Bühne	1700	0.0	1.3470137235703867	0.6216306647594073
Hauptartikel	1800	0.0	1.3468820367118557	0.7644929595832615
Alpen	1800	0.0	1.345854263159993	0.29013698106487545
Lange	1700	0.0	1.3437152375215453	0.3022792023238949
Karte	1700	0.0	1.3431420084763634	0.08420019350549506
Pole	1750	0.0	1.3423347562151746	0.8912361188933043
173	1700	0.0	1.3422597916561483	0.16649815628491596
889	1850	0.0	1.3413098021399672	1.7489234251407197
Szene	1650	0.0	1.3408455563773733	0.8510590465418341
vermitteln	1750	0.0	1.3406910890320223	0.7534571577963993
Nachteil	1850	0.0	1.3381741221229955	0.04064162492676597
bekleidet	1700	0.0	1.3355750145662222	0.38815516992697335
besprechen	1750	0.0	1.3353382219531953	0.039538517579684754
Werkzeug	1850	0.0	1.3350196929379494	0.6891391345870398
erheblich	1800	0.0	1.334547692675694	0.7058574309326502
Elbing	1850	0.0	1.3344668853142148	0.03495305712432591
Entschließung	1700	0.0	1.3343698058813498	0.784916265983729
Ablehnung	1800	0.0	1.334017812079423	0.9601989294451989
327	1750	0.0	1.332620358021762	0.39731358641695125
Versuch	1650	0.0	1.3325246974939104	0.7275061471880534
Studie	1650	0.0	1.3310764729872895	0.4833803251531153
230	1750	0.0	1.3278134048206187	0.42337757710748963
Tausend	1700	0.0	1.3277673533408048	0.7966860739826307
Bewahrung	1650	0.0	1.3271890820346885	0.20928926646972446
Dienstleistung	1800	0.0	1.325619845272497	0.9983227118537915
anrechnen	1650	0.0	1.3254709393790922	0.7548640940070459
Baukunst	1700	0.0	1.3243998713219662	1.3462685603469169
Algier	1750	0.0	1.3240915565766147	0.4229842746410506
gewünscht	1850	0.0	1.3225798626117038	0.6368185621310781
Ausstand	1850	0.0	1.3225280299989843	0.8255974061237017
ablesen	1800	0.0	1.3221893748775604	1.1716413383950979
wachsen	1850	0.0	1.3220168472342049	0.42098976424785384
274	1750	0.0	1.3213938044894071	0.004696693084534459
Unterricht	1850	0.0	1.32107946245601	0.7934419405252513
Proposition	1850	0.0	1.3209983467715147	0.4153040571131393
310	1750	0.0	1.318993765356922	0.7677527448695893
Verehrung	1650	0.0	1.3189606705486796	0.03005573828924143
aufrichten	1750	0.0	1.3180954426981528	1.2710057330352968
Roland	1850	0.0	1.318068137846097	0.564382294351045
Wohnung	1850	0.0	1.3165408339093867	0.39714635881679805
überkleiden	1800	0.0	1.3160607931573056	0.3639848967398946
Victor	1850	0.0	1.3156090445477975	0.37705068816680487
westfälisch	1650	0.0	1.3152693252236274	0.18426042266141585
gehalten	1750	0.0	1.3142108906151664	0.9915913927266637
Cochenille	1800	0.0	1.313912873029971	0.5914761655859764
verdrängen	1700	0.0	1.3103103805766416	1.604969549453089
Slawe	1850	0.0	1.310118635467128	1.0939156858890413
321	1750	0.0	1.3093507843354038	0.20166989586021467
Gleiten	1850	0.0	1.3088191618677252	1.391688895904816
388	1750	0.0	1.3087398595887823	0.30814550564009097
Schema	1700	0.0	1.3075550970609944	0.4567157372046414
296	1750	0.0	1.3050514331331833	0.1722901738612211
Kern	1800	0.0	1.3043498523633283	0.9722607047412276
Palästina	1700	0.0	1.3039832501042092	0.354183033111864
181	1700	0.0	1.3024354615854912	0.173475931008054
Affekt	1650	0.0	1.3021214700584616	0.05010340611331904
382	1750	0.0	1.3011339295042954	0.20418458911775722
bedächtig	1700	0.0	1.3001227937595747	0.38905649938636805
bernisch	1800	0.0	1.2983130623628152	0.22257098871946568
Ja	1850	0.0	1.2982012987926352	0.20112820505382964
zählen	1850	0.0	1.2974792129378996	0.930273139109033
Spielwerk	1700	0.0	1.2970649208016343	0.11742752544098808
Körner	1800	0.0	1.2948763544501773	0.12420386984583898
vom	1850	0.0	1.2948290150957984	0.8262924183506387
vorziehen	1850	0.0	1.2940923494645657	1.0474720952143468
Mohr	1850	0.0	1.2936966851743263	0.5912487754161624
Katholik	1700	0.0	1.2933752518313588	0.6319182165028244
gerichtet	1700	0.0	1.2902575423271503	1.1342301046906333
Zwistigkeit	1650	0.0	1.2882478012390735	0.2729488853072818
Metropolit	1850	0.0	1.285756733267573	1.857441750048283
Thetis	1800	0.0	1.2849623440853968	0.03360156740442027
Lombardei	1750	0.0	1.284739975954352	0.09338764828637097
Götz	1750	0.0	1.2846017816850652	0.35612618606595786
Ulrich	1850	0.0	1.2833990897289094	0.15865327072681457
Trauerspiel	1650	0.0	1.2833524602432822	0.04921950829486006
Eröffnung	1850	0.0	1.2831418145653963	1.2287840763220998
vermittels	1850	0.0	1.2822748523450076	1.4737456542607663
Gallen	1850	0.0	1.2820934758166773	0.9148697437109108
258	1750	0.0	1.2818294441974376	0.21546629134138587
Gesuch	1850	0.0	1.2812734090309488	1.4693937984682257
Haft	1750	0.0	1.2809393607259134	0.62195979498405
verfaßt	1750	0.0	1.2805460038120822	0.12968249918364438
Zylinder	1700	0.0	1.280362430374736	0.8255195123452861
unterrichten	1850	0.0	1.2799236440263748	0.2749803733276172
Gesellschaft	1850	0.0	1.2764246016392908	0.5049738974838369
Ernst	1650	0.0	1.27583630264598	0.17788451740160016
Reihe	1800	0.0	1.273435563735498	1.1326792067134799
beginnen	1850	0.0	1.2726201799993793	0.755607139279293
237	1750	0.0	1.2723848102596713	0.26737694327205913
352	1750	0.0	1.2714616171925237	0.13559896733792445
ungesund	1850	0.0	1.2712594609563106	0.6278009572783028
spenden	1800	0.0	1.2708433214028758	1.4685405554713522
dass	1650	0.0	1.2706824514533588	0.07130632724756801
305	1800	0.0	1.2700888656941973	0.699983758903702
bestimmt	1700	0.0	1.268942328650538	0.02149686704651171
387	1750	0.0	1.2684011866342808	0.3258357898309823
indisch	1750	0.0	1.2680101356236226	1.1686999065675687
darstellen	1750	0.0	1.2678627404565184	1.154788462482065
weisen	1800	0.0	1.2655988939259604	0.1965892647746943
Unternehmen	1700	0.0	1.265439405587674	0.8342365657882428
Walther	1750	0.0	1.2651785103359967	0.09816584303566406
angesehen	1650	0.0	1.2646669073933585	0.44307018222061156
Arbeit	1850	0.0	1.2625137629606868	0.6990860663595382
561	1800	0.0	1.2619558005792184	0.1965646035011153
323	1700	0.0	1.2617018733640526	0.02814093276622975
Streitsache	1750	0.0	1.2593807676659174	0.13292773026170043
361	1750	0.0	1.2588140489977002	0.08048721636318514
Händler	1800	0.0	1.2579783243348497	0.091188857899263
Ermäßigung	1850	0.0	1.2579180196938873	0.8678252827835174
polnisch	1850	0.0	1.2575586352746069	0.47936533003581755
fachen	1700	0.0	1.2572247661318192	0.34594465774621597
398	1800	0.0	1.2564529502858006	0.6413793249023859
erhaben	1850	0.0	1.2556083017921207	1.8477468821115035
mangels	1850	0.0	1.2533660355774578	0.49900823500308017
180	1650	0.0	1.252616986858608	0.18431507327792854
Orient	1650	0.0	1.2521724897222914	0.624814223097147
Horde	1700	0.0	1.251261717133703	0.12480273953336193
420	1700	0.0	1.2453832355718246	0.2005651883150587
Niederlage	1850	0.0	1.2452859877250744	0.12738695266957945
bereiten	1850	0.0	1.244128858075476	0.23379989114637545
Aufgabe	1650	0.0	1.2437824334637795	0.19835914316718328
Esse	1700	0.0	1.2427404062856764	0.14388438142566692
Eroberung	1750	0.0	1.2398518060387085	0.6150957371188152
Handlung	1850	0.0	1.2393444975777845	1.0742635487668464
kontinuierlich	1700	0.0	1.2392786779482932	0.3377328950607987
San	1800	0.0	1.2375456932265174	1.2749057305040692
dito	1850	0.0	1.2370406830432505	0.2129648679197005
Geschmack	1850	0.0	1.2361777940657603	0.41905166186385073
Erzählung	1850	0.0	1.2352225142404383	0.8454308055554101
Tafel	1850	0.0	1.2342736403113277	0.8821762125193705
net	1850	0.0	1.2334297266288783	0.04352179720490548
behaglich	1750	0.0	1.2331953443434935	1.1291162476781735
klagend	1700	0.0	1.2331704171358853	0.40339233002646796
280	1750	0.0	1.2329236897678078	0.09471910342504997
Erwärmung	1700	0.0	1.2328875195256765	0.08589184953437447
Golf	1800	0.0	1.2322436981146105	0.9805368405142177
Villa	1700	0.0	1.2313872795230514	0.28691072965747216
Aufsatz	1850	0.0	1.230979821224059	2.443687131569121
lose	1850	0.0	1.2305265374949739	1.0061367468848765
Behauptung	1700	0.0	1.2304217745039239	0.3557209658957262
Abführung	1700	0.0	1.2279294979553186	0.1197999058168229
verfangen	1850	0.0	1.2278272722320738	0.6835930800494684
Ausbruch	1700	0.0	1.2277002718048518	0.7697550920896301
205	1750	0.0	1.2255202972067472	0.6324429571964258
Druck	1700	0.0	1.2246464080144337	1.5071721516071623
Kirchhof	1850	0.0	1.2235350253216861	0.7043426733354329
hierdurch	1850	0.0	1.2230430271214734	0.5610194494094087
Gerechtsame	1650	0.0	1.2223593157080903	0.02403923673663083
hiervon	1850	0.0	1.2214668241736413	1.0134344402828912
Essai	1650	0.0	1.2210329449879669	0.13936190505086613
Verfügung	1700	0.0	1.2191607740551982	0.24485324038804165
273	1800	0.0	1.2186305902401862	1.0505607844692222
gliedern	1800	0.0	1.2183983687487414	1.6418788842257896
einstimmig	1650	0.0	1.216626404302982	0.6715845243232569
Erfolg	1650	0.0	1.2164406450032528	0.43735312050431013
prüfen	1750	0.0	1.2158729922816622	0.6151692905087984
Mont	1750	0.0	1.213924940069018	0.35333282260636534
Braue	1800	0.0	1.2134046724449843	0.43279963411756317
261	1750	0.0	1.2126604020436893	0.4483188377509243
Papa	1650	0.0	1.2120851557049375	0.0426606752769949
Feier	1850	0.0	1.2101123462196535	0.8878379940694721
magisch	1700	0.0	1.209549473740188	0.7516973380525193
drucken	1700	0.0	1.2090992688065216	1.8250798761401557
eng	1750	0.0	1.2085570256700793	0.5035699238266886
Grenze	1700	0.0	1.2079942991246382	0.007995483998384357
Personale	1750	0.0	1.2064992976401971	0.1409136854941524
dort	1850	0.0	1.2051697307874174	0.41529313456364203
154	1750	0.0	1.2050938835684453	0.8397519378445532
etwa	1850	0.0	1.2049425188258023	0.844249609845495
Zerrung	1800	0.0	1.2033593757282728	0.27255054437250587
bittend	1850	0.0	1.2033189320477358	0.47292687719825194
Okzident	1650	0.0	1.2023044634012268	0.1324603671252859
Salis	1850	0.0	1.2019747530417213	0.18753301171890419
Net	1750	0.0	1.2005881474673603	0.14313999395096796
aufweisen	1700	0.0	1.1991761352480725	2.095470485037692
Laboratorium	1800	0.0	1.1982204882938932	1.892551683221809
Maßstab	1700	0.0	1.1974593335543657	1.0940330518694406
tentieren	1800	0.0	1.1971995549727579	0.753877085479463
Ackerbau	1850	0.0	1.196529281771361	1.2250891338636072
Sommer	1850	0.0	1.1957005098290534	0.9197714978584965
zähnen	1800	0.0	1.1956334954260877	0.43923408206311226
alleinig	1650	0.0	1.195457508757567	0.19970908929868114
Ingenieur	1850	0.0	1.1944155238157739	1.6231178901226393
Abcd	1650	0.0	1.1924552403654598	0.5464661125172893
bedeuten	1650	0.0	1.1914558163217497	0.07408440025363056
Werk	1850	0.0	1.1911265689474315	0.5873543663989941
Professor	1700	0.0	1.1910213761514064	0.9941616157997398
Wirken	1750	0.0	1.190569752960438	0.8478772281780301
Bernhard	1850	0.0	1.1892209487520065	0.5273855387182971
Vortrag	1650	0.0	1.1885819440454188	0.3810853770682665
bevorstehen	1650	0.0	1.1880030819724707	0.0732483217246202
gemacht	1850	0.0	1.187004469869556	1.0987858426612958
Ausfall	1800	0.0	1.1858315424074548	1.2742917452091482
Anregung	1750	0.0	1.1857963011341368	0.4781090709340134
treten	1750	0.0	1.1856576327822301	0.1749494758590705
jegliche	1850	0.0	1.18544050538875	0.3920682835130426
248	1750	0.0	1.1846840702031654	0.2468411143486814
The	1750	0.0	1.1844636697313122	0.8258187053020167
Flur	1650	0.0	1.183452328707891	0.23007585617123427
bezeichnet	1650	0.0	1.1830626929661952	1.0815294252938301
Muße	1850	0.0	1.1829301788427729	1.2473950604225763
Wichtigkeit	1750	0.0	1.1829131930246595	0.3973954666058006
Schumacher	1850	0.0	1.1825793581648991	0.4465819478716274
312	1750	0.0	1.1804916629633775	0.23399674953786018
Schieber	1850	0.0	1.1796230805910053	0.8114659676206025
Dom	1750	0.0	1.178232342789964	1.1497191073324229
Kornett	1800	0.0	1.1776551229075223	0.4169026286940164
verfügen	1850	0.0	1.1773724758768394	0.4941339172595886
zerfallen	1700	0.0	1.1763040843151162	0.5277152165587212
ungach	1650	0.0	1.1755398413159361	0.6768446461626049
darein	1800	0.0	1.1752829689498219	0.21669544028926693
erwähnt	1700	0.0	1.1742413567870793	0.23942285295358465
bleibend	1750	0.0	1.1741966839925162	0.8875169541797898
Wurz	1850	0.0	1.1741063845876014	0.3612020688463193
Quelle	1700	0.0	1.173767911992989	0.5541293521882927
Veit	1850	0.0	1.1734664436371396	0.5758312067097641
Manier	1700	0.0	1.173395764493133	0.5557761868609941
Relation	1750	0.0	1.1727234871519923	0.16487016339169733
erwartet	1700	0.0	1.1726511847862882	0.39160116185001254
289	1750	0.0	1.1726322596933187	0.9448469643724409
Beginn	1750	0.0	1.172085092902467	0.5470316505079583
beuten	1850	0.0	1.1718913916043983	0.030475852073269496
Durchlaucht	1850	0.0	1.1718581364734717	0.017494401995807644
übertragen	1850	0.0	1.1717518174036734	1.9224635896825497
neulich	1850	0.0	1.1714666226716701	0.4865471663909508
übertreffen	1850	0.0	1.1697191125576176	1.1925620415215485
gewöhnlich	1700	0.0	1.1690183739950761	0.33311769604183145
einzeln	1700	0.0	1.1681254201013074	1.0343432612797465
unvergeßlich	1700	0.0	1.16787811158261	0.4160529624794102
Schlesier	1850	0.0	1.1673949781534767	0.03809042943705504
159	1750	0.0	1.1658337961830203	0.7062356038671526
231	1750	0.0	1.1652956333999156	0.17578964986465342
268	1750	0.0	1.1652578361449366	0.23335114506578025
vornehm	1850	0.0	1.164857104350286	0.791108285813027
168	1700	0.0	1.1637636942853888	0.05504145014370309
Förderung	1700	0.0	1.1630862854975337	0.19735976101463187
früh	1700	0.0	1.1619364991033099	0.38714738974665563
Erhitzung	1650	0.0	1.160661513610085	0.4996969498456901
Zunahme	1700	0.0	1.160482807056706	1.2840573933887802
fortschreiten	1650	0.0	1.1603575000436692	0.2777088021982704
steigern	1750	0.0	1.1590811701525054	0.6695963010567875
Effekt	1700	0.0	1.158623828747735	0.5869011170582565
Kindheit	1850	0.0	1.1584498741177862	0.12748369525084063
Feldherr	1850	0.0	1.158052975727463	0.23165959156632235
entladen	1700	0.0	1.1578191005166256	0.027728786389498005
zurechnen	1850	0.0	1.1577700693164366	0.8454292451911962
Springer	1800	0.0	1.157041193693493	0.4210796319064609
welsch	1800	0.0	1.157019192324351	0.8214564806909482
Examen	1850	0.0	1.1569215749649642	1.3698455523200899
Fried	1650	0.0	1.1558277997295692	0.7674595430405436
positiv	1850	0.0	1.1537333005379966	2.6056187714961863
174	1700	0.0	1.1534100586415705	0.2598522870328399
reif	1850	0.0	1.1527000541417918	1.1715331430412976
446	1750	0.0	1.1520372215843098	0.09387337822022301
700	1750	0.0	1.151804169464051	0.46819018812479246
Fünfteil	1750	0.0	1.1510001588960266	0.07121282778619534
geleiten	1700	0.0	1.150544896019358	0.19953919945879361
Prinzessin	1850	0.0	1.1495324304375307	0.22385595007195375
null	1700	0.0	1.1479181890593502	1.3089824445093867
Gewähr	1750	0.0	1.147800576374515	0.9381452790850936
348	1800	0.0	1.1474448104047135	0.747870591047706
427	1750	0.0	1.147131036529939	0.10259625515231909
zuständig	1850	0.0	1.1463315379241503	0.528049863782361
Sizilien	1850	0.0	1.1446528846757578	0.8848977477690978
dannen	1850	0.0	1.1442946851791926	0.5607238904212276
einblasen	1850	0.0	1.1441073984347638	0.24449748813610628
197	1750	0.0	1.1439411660910441	0.3562025150555632
Schlosser	1750	0.0	1.1435472883956412	0.339216122928814
Mose	1850	0.0	1.142467242388601	0.1969612524206351
demnach	1850	0.0	1.1422840127488418	1.2066635730438815
klatschen	1700	0.0	1.140475876125171	0.5136325565476587
verkürzen	1700	0.0	1.1398987354963404	0.23152133809296285
rechen	1700	0.0	1.1397885244234296	0.052541959203081856
530	1800	0.0	1.139739205185711	0.5600259382537206
Note	1650	0.0	1.1393959972174676	0.9897600341420603
ablassen	1850	0.0	1.1389779569253051	0.24010051181171405
Zahl	1850	0.0	1.1385183821845783	1.1410662515829793
anziehend	1650	0.0	1.1375630823970437	0.7377208787397165
glänzend	1850	0.0	1.137178134771903	1.4943909632051025
262	1750	0.0	1.137016344490396	0.6380224675565938
steigend	1700	0.0	1.136253799445496	0.8129670814474926
verbessert	1700	0.0	1.1357518710935315	1.897825987717802
geläutert	1650	0.0	1.1353361011402718	0.7950785983606524
Abfahrt	1750	0.0	1.1351187875535687	0.9516216479298469
fuß	1850	0.0	1.1347268825181736	0.49782677923246277
lauschen	1700	0.0	1.1329763961170463	0.053807112014578704
Preuße	1750	0.0	1.131863528159247	0.39792005493436083
em	1850	0.0	1.1317697078293056	0.13482728936281388
anschlagen	1650	0.0	1.1316118433712228	0.13177419827351525
zylindrisch	1700	0.0	1.1301676779691914	0.38005651113253686
Dietrich	1800	0.0	1.1292482561595705	0.6053589882956898
dagegen	1750	0.0	1.1279141011563825	0.10839781348224788
vollends	1750	0.0	1.1266894291593972	0.8882034987462943
436	1750	0.0	1.126572916408884	0.13425113616147558
196	1700	0.0	1.1263585652111612	0.18501252788809144
490	1800	0.0	1.124724473587761	0.04869533906405945
französisch	1850	0.0	1.1246966331586523	0.8730019210934502
Anna	1850	0.0	1.1239260118518786	0.49868471948940024
Leistung	1750	0.0	1.1237253153590285	0.09193323408443685
Gebaren	1800	0.0	1.1228880822468255	0.3121948819373694
Succession	1750	0.0	1.1222486428637837	0.7526347476283972
317	1700	0.0	1.1209806599839511	0.19364273995345305
Österreicher	1750	0.0	1.1204349462393657	0.06900261780718744
320	1750	0.0	1.1200654189652803	0.48485599849519934
strömen	1650	0.0	1.1193308436695728	0.5404602374734451
Verwandte	1750	0.0	1.1192463423728767	0.06754487288570692
319	1750	0.0	1.1189170938939608	0.12825500829804376
verschieben	1850	0.0	1.1182152034258732	1.021816846870262
554	1750	0.0	1.1175995295480552	0.1678367242677034
möglichst	1750	0.0	1.1173289241202233	0.33242811649322224
Kanton	1750	0.0	1.1161548283048215	1.077660516525548
stark	1850	0.0	1.1155482734725988	0.4756363196253216
Weihe	1750	0.0	1.1112632549524752	0.33782415971837515
Agent	1750	0.0	1.1109663686526647	0.36924339231962283
geteilt	1650	0.0	1.1108009865521824	0.77256671905729
Wiederkehr	1700	0.0	1.11030273787386	0.6939072025977188
265	1750	0.0	1.1084460034944326	0.18040214131651244
Gesch	1750	0.0	1.108035614188958	0.9527892039108461
246	1750	0.0	1.1076212959352723	0.5014579700742999
indianisch	1850	0.0	1.1073367434508403	0.09523538798166378
Sonderheit	1800	0.0	1.1064486094807668	0.28432630250648233
172	1700	0.0	1.1057237221286547	0.24386612005158728
würzen	1850	0.0	1.105602096346334	0.0398557214843698
Deputation	1750	0.0	1.1053001686116606	0.4450586184349094
Union	1850	0.0	1.1047918005506174	0.11912950524967102
Saar	1850	0.0	1.104150384133906	0.08608827289913547
292	1750	0.0	1.1017193235013338	0.2422286228968224
präsent	1700	0.0	1.1015807531956454	0.4822015805277424
ererbt	1700	0.0	1.1010168993983884	0.02782473210506682
durch	1850	0.0	1.1000463742646875	0.46266046085295953
Bergwerk	1850	0.0	1.0998219180210145	0.6361516364599911
absonderlich	1650	0.0	1.099740979424065	0.052517141675963545
fürnehm	1850	0.0	1.0993851748041297	0.10276934652773165
über	1850	0.0	1.0974233216765552	1.0487510737483325
hierbei	1850	0.0	1.0961373720713374	0.8737975768121832
Aufnahme	1700	0.0	1.0957182034171828	1.6923923790945807
336	1750	0.0	1.0954191603527994	0.26055507452107884
daneben	1700	0.0	1.0944109534230764	0.18849738833094135
Satz	1650	0.0	1.094299611327266	2.244666656174409
Groß	1700	0.0	1.0934987892398398	0.2555329789980174
432	1750	0.0	1.0933765108970261	0.47442002147639767
275	1750	0.0	1.0924368464363292	0.2771689811785541
355	1750	0.0	1.0920649495882653	0.14316219874794406
aufliegen	1650	0.0	1.0907589860211873	0.41060771601206425
267	1800	0.0	1.0907250816733902	0.270903868246464
chinesisch	1750	0.0	1.0906943640642424	1.6908672183574747
Verschwindung	1750	0.0	1.0901227922700802	0.030824245006416916
heimisch	1750	0.0	1.0888337069483631	0.6095650773119947
Gewinnung	1700	0.0	1.0886686217916415	1.483206557642244
tierisch	1700	0.0	1.088475277440924	0.3791576328410582
Ung	1850	0.0	1.0880117040264583	0.043465624093205424
gegründet	1650	0.0	1.0880114088780912	0.7425282354019834
allhier	1850	0.0	1.0878065056363098	0.46940877601733355
1041	1850	0.0	1.0870935463799016	2.0535711122690787
Geschwindigkeit	1650	0.0	1.0867502710142876	0.1396564111509624
Gewerbe	1850	0.0	1.0858354877176057	0.47065914787406443
Obligation	1750	0.0	1.083023203320617	0.35718285684205775
lösen	1700	0.0	1.0826947836999723	0.07943547324365237
2500	1800	0.0	1.0823048216936981	0.9948513695402246
Andenken	1650	0.0	1.0803707731200565	0.020897964841660923
entweichen	1850	0.0	1.0797776479726569	0.6615074249053603
per	1800	0.0	1.0788552434090453	0.3095089475758296
247	1750	0.0	1.0786255120317954	0.31104628480505536
heizen	1650	0.0	1.076732185889586	0.14121357420340427
Rosa	1700	0.0	1.0757624662919019	0.1357958774697395
768	1850	0.0	1.0753541677849303	1.592998829853667
Schnelligkeit	1700	0.0	1.0750340806403456	1.0349557030918992
110	1650	0.0	1.0738794777244471	0.09892424401316606
Eisenwerk	1750	0.0	1.0733923906309921	0.8311468851164114
Elementa	1650	0.0	1.072530123540703	0.19044618931794774
222	1750	0.0	1.0714732815614727	0.591606670197617
Vorschrift	1650	0.0	1.0711966453905264	0.8616825191628318
parallel	1650	0.0	1.070642143882652	0.7165338973686171
Böhmische	1850	0.0	1.0701985598889494	0.15324946939340953
erhalten	1700	0.0	1.0696884719128046	0.12505380916132852
354	1750	0.0	1.0653979488843381	0.11240938761594135
Kay	1850	0.0	1.0653062264872282	1.1769084677277992
Ministerium	1750	0.0	1.0650393899570565	0.19684007495795214
Schwung	1700	0.0	1.0650261853518144	1.0044334100351255
Übelstand	1800	0.0	1.0646655180378173	0.6105690844252376
Aufenthalt	1700	0.0	1.0643324895077413	0.5447865505930679
Woge	1650	0.0	1.0637404553708423	0.027402906279353833
übertreiben	1700	0.0	1.0631376400834953	0.3407979054563237
Amnestie	1750	0.0	1.062605092332028	0.17222550239002826
Hausstand	1850	0.0	1.0625206633339235	0.7028384822332424
294	1800	0.0	1.06117280422999	0.6555972192639881
252	1750	0.0	1.0599076783541648	0.2623364543584859
übergehen	1850	0.0	1.0598512739046482	1.4925894577049903
bestimmen	1700	0.0	1.059794651334742	0.22951383156976568
Reiz	1700	0.0	1.0593814198789353	1.0326680630925886
angefügt	1800	0.0	1.058049402382781	0.35447797577518686
erbeuten	1700	0.0	1.0574454064690362	0.6152068539852833
andeuten	1650	0.0	1.0540977253649813	0.25821485138455413
198	1750	0.0	1.0537908685530133	0.032465734622874616
Zirkel	1750	0.0	1.0535942529002649	0.8632511357043716
Unruhe	1850	0.0	1.0534050910720958	0.8191560926184106
Erbauung	1700	0.0	1.05335817367979	0.3463484001186643
märkisch	1800	0.0	1.0532463015153937	0.13439835784022233
Denken	1650	0.0	1.0526229633235662	0.8377857780563107
431	1750	0.0	1.0526074577477984	0.0868305717393306
142	1700	0.0	1.0517443869701633	0.33391852761667046
verändert	1650	0.0	1.051324406646477	0.9719082584509168
soviel	1650	0.0	1.0512557930072166	0.5171999483383948
werben	1850	0.0	1.0510333651873316	0.37772177480912894
Preis	1850	0.0	1.0509324105595612	1.3452434197900298
Pastor	1700	0.0	1.0508800173482857	0.7110958425251879
multiplizieren	1700	0.0	1.0497856760659188	0.49374728174575355
389	1750	0.0	1.0488864672178235	0.25177890607624015
Anforderung	1750	0.0	1.0488371693653487	0.5366670063994424
176	1700	0.0	1.0482036981200018	0.24134001643073527
Burger	1850	0.0	1.0470806443944776	0.724241868124827
Adolf	1850	0.0	1.0466412170154689	0.5495744379612243
Plutarch	1700	0.0	1.0461658025804321	0.15216967914856397
trüben	1700	0.0	1.0451406114446802	0.2611720658721789
