günther	1750	0.0	6.7947893995158175	4.8553448498883744
transformieren	1600	0.0	6.40409402400094	7.121658967884384
eruieren	1700	0.0	6.381170721395364	6.793879098139308
942	1600	0.0	6.3622779731864805	5.084303396509114
Stevenson	1750	0.0	6.351321232559583	5.353631581642891
Orel	1750	0.0	6.262000002896086	5.004965907179928
Epimetheus	1650	0.0	6.239568712370628	5.348856961125853
831	1650	0.0	6.212148354798126	4.863605712100845
xxxii	1600	0.0	6.196810144099382	4.942479167419086
922	1650	0.0	6.05645345329026	4.624120521347078
914	1600	0.005	6.04998126677813	4.787000163902069
635	1600	0.0	5.9955434941844405	4.983603260132955
Xliv	1600	0.0	5.993039826255553	4.531916003938863
638	1600	0.0	5.986627728678245	4.756025037351257
521	1600	0.0	5.984596001107509	4.846595175624886
772	1600	0.0	5.980519755546338	4.779742286827704
xxxiii	1600	0.0	5.933481232346289	4.721417365089359
782	1650	0.0	5.812670523906338	4.440030772837324
subjektiv	1700	0.0	5.801292200662592	4.861213841187158
767	1600	0.0	5.790836916556395	4.589606225190345
1038	1600	0.0	5.7482901762072265	4.748305725727535
eminent	1650	0.0	5.726993093652828	6.040715924247352
983	1600	0.0	5.7128027786877915	4.563859859333019
1065	1600	0.0	5.709475905415132	4.56618638517575
1275	1600	0.0	5.706242771263625	4.651382057248212
Abo	1650	0.0	5.704338792766	4.927167139816913
Riparia	1800	0.0	5.701458357889056	4.2268870687420925
591	1600	0.0	5.681749101939373	4.734081261004036
Kassabuch	1700	0.0	5.668750290773007	4.17760340085588
880	1600	0.0	5.649643797768241	4.470736287766103
867	1650	0.0	5.643653853350068	4.57836909900445
890	1600	0.0	5.636619007711905	4.455028747677642
Lincolnshire	1700	0.0	5.634546902822015	4.209754994080901
Jay	1750	0.0	5.631926572208669	4.266266772021656
828	1600	0.0	5.630213896008473	4.585649499923437
919	1600	0.0	5.624263645829778	4.77395382649352
574	1600	0.0	5.592692144909966	4.509491176501055
xxxviii	1600	0.0	5.580765961452404	4.376940723005717
755	1600	0.0	5.576328500014281	4.578595752414978
966	1600	0.0	5.563739688500856	4.4776622237812465
770	1600	0.0	5.563074012770867	4.370215785610592
Kl	1650	0.0	5.562586299324569	4.222699693000812
1143	1650	0.0	5.560660910593413	4.191100026526548
805	1600	0.0	5.551994583454643	4.314373208735165
Passiva	1750	0.0	5.539275276793417	4.6812284039741385
Notar	1650	0.0	5.533928493028626	6.082010101602878
Aura	1650	0.0	5.512115692340021	4.969486672456071
Ireland	1700	0.0	5.505615935165981	3.8715255878080552
881	1650	0.0	5.502231723894482	4.319643891519316
Liii	1600	0.0	5.4854341966944435	4.114004824566729
Gallipoli	1700	0.0	5.4662188178134254	4.61028131876981
1342	1650	0.0	5.4660584369059535	4.51708498440235
669	1650	0.0	5.463983533705579	4.620231664001222
1097	1600	0.0	5.452336631332244	4.537955466834679
Xxxv	1600	0.044	5.447678417626535	3.9557396237145315
Planum	1650	0.0	5.446375456952001	4.935790740251608
924	1600	0.0	5.444234852453252	4.372530638800691
869	1650	0.0	5.421746890337747	4.498259374006616
644	1600	0.0	5.398229584287765	4.153660452996449
688	1600	0.0	5.397119786157512	4.633028249801001
520	1600	0.0	5.3881906594536435	4.39918321084245
680	1600	0.0	5.383340776991079	4.573160247967758
918	1650	0.0	5.382524115084895	4.207670009036851
889	1600	0.0	5.371187256985123	4.243163065378567
verschrauben	1650	0.0	5.369093168111748	4.462428700974308
603	1600	0.0	5.359214427457109	4.255790679304604
442	1600	0.0	5.357065477893906	4.529174997602588
Pogge	1750	0.0	5.356838224895009	4.405943239617641
bill	1750	0.0	5.346150729874838	4.130703397873313
Humanität	1650	0.0	5.345093058346566	4.935534158685605
965	1650	0.0	5.338946582722907	4.844081400405065
503	1600	0.0	5.336361048917236	4.313861789242653
1030	1600	0.0	5.33244648608564	4.194012691555028
xxxvi	1600	0.0	5.327165853672054	4.0945538688322
451	1600	0.0	5.323530265714635	4.322541911152398
1105	1600	0.0	5.3140908516750835	4.651652189990546
Allier	1700	0.0	5.308591753112124	4.45015600158407
Brenta	1700	0.0	5.299048045526504	4.470126843484343
1062	1600	0.0	5.294214948662724	4.219859536457341
Rampe	1700	0.0	5.287093252218717	5.996211292962674
Xlii	1600	0.0	5.281779735681328	3.935604460044563
Jürgens	1750	0.0	5.263271844343014	4.59548358183644
833	1600	0.0	5.262023588432987	4.028690419730776
952	1600	0.0	5.258433293273734	4.2607621856771924
Balzac	1650	0.0	5.257692370938063	4.670400763880377
908	1600	0.0	5.229212869397443	4.051286283953677
571	1600	0.0	5.226000328028016	4.10428328824623
773	1650	0.0	5.222486669671876	4.0396743716206975
440	1600	0.0	5.214749550108309	4.327742300815181
997	1600	0.0	5.205003149313872	3.8535988874593774
758	1650	0.0	5.2042274553676755	3.9199696944184668
1113	1600	0.0	5.201219326634838	4.239899211343974
692	1600	0.0	5.195330453439784	4.316288186179713
375	1600	0.0	5.19385429196235	4.430262509738495
639	1600	0.0	5.188359284017591	4.220888660132293
Fresenius	1750	0.0	5.186127948676053	4.891857257056385
Mk	1650	0.0	5.167025921521667	3.7603592318134256
education	1650	0.0	5.163124339314952	4.042288837443636
643	1600	0.0	5.154737167420671	4.230350398871644
634	1600	0.0	5.154255368834837	4.147523849718009
883	1650	0.0	5.140577679002733	4.178850016651809
1037	1600	0.0	5.138003579337292	4.035878990430137
symptomatisch	1700	0.0	5.137660403116286	4.4044401237945054
369	1600	0.0	5.123892877757134	4.3812500545879605
1041	1600	0.0	5.121459732702192	3.9461512691181597
1188	1600	0.0	5.1160266225693745	3.8797162045431413
demontieren	1700	0.0	5.108810684227185	4.60501494932845
Visum	1750	0.0	5.105660877071144	5.300067430186467
vertikal	1600	0.0	5.095772792218508	4.9994490482010265
xvii	1600	0.0	5.095751395888169	4.29212318072707
694	1600	0.0	5.094302187636062	4.095148079805246
1083	1600	0.0	5.089141231157933	4.011847207548307
970	1600	0.0	5.08645841141583	4.3229393310306055
524	1600	0.0	5.083524394962639	3.8214867310580893
1056	1600	0.0	5.071774230258383	3.9061019926374407
Xxix	1600	0.0	5.061366839689547	3.87145083163848
923	1600	0.0	5.05771914250957	3.950901633438932
Vorlage	1750	0.0	5.050229079366376	5.549188939953033
846	1600	0.0	5.046287186820286	4.261107559912826
Pluralität	1700	0.0	5.037089155399016	4.594599711425666
505	1600	0.009	5.03179102024558	3.720899795094434
Cole	1700	0.0	5.02501834035672	3.6731084148171367
630	1600	0.0	5.017294715167317	4.310652220135555
806	1600	0.0	5.016434997386025	4.148760198440967
Industrie	1650	0.0	5.011306001473711	4.403671158241798
Diktatur	1650	0.0	5.008111432651188	5.142276272650002
412	1600	0.0	5.001990263993542	4.1058759568497925
766	1650	0.0	4.99805504589329	3.925215861282204
1219	1650	0.041	4.992538001586145	4.365552936343993
1073	1600	0.0	4.99066616841028	3.558043675114013
941	1600	0.0	4.988176178204846	3.98267724862102
839	1650	0.0	4.985846208212415	4.648904876518483
370	1600	0.0	4.979510590263714	4.00830755669775
804	1600	0.018	4.97440728926494	3.96156749951637
Konnossement	1700	0.0	4.96706838341184	4.405443696400223
schnallen	1600	0.0	4.941723362434003	4.579811005250106
zivilisiert	1700	0.0	4.9395123718348515	4.223999397164727
854	1650	0.0	4.928493448885968	3.6174923947448936
683	1650	0.0	4.928041732487386	4.157132260272577
1055	1600	0.0	4.925425683825653	4.014087870493118
184	1600	0.0	4.923424564916362	4.420332628727529
1049	1600	0.0	4.9187715399271985	4.054406631235469
836	1650	0.0	4.918337385912126	3.926510299662299
analysieren	1700	0.0	4.917926516093232	4.891120859703267
Mormone	1750	0.0	4.915990277003335	5.124635504071029
599	1600	0.0	4.910629342988618	3.7477608384830474
955	1650	0.0	4.9099242598305555	3.8756949872108613
278	1600	0.0	4.907420017746957	4.313891077265597
760	1600	0.0	4.904071001439243	3.948574803620872
1330	1650	0.0	4.9027268593225735	3.9686023019185206
934	1650	0.0	4.900051454841179	4.240746921018885
schnarren	1600	0.0	4.896233908465853	4.196220170526429
Elevation	1600	0.0	4.872177173392398	4.271172758074606
334	1600	0.0	4.868130295587635	4.3551516954322125
423	1600	0.0	4.867200752412463	3.8181127670268364
724	1600	0.0	4.834941879622563	3.624376239208107
1082	1600	0.0	4.833809148185064	4.373551950309689
Soli	1600	0.0	4.831900568408506	4.383263242661601
Lxxi	1600	0.0	4.831059176090638	3.5773850984050077
891	1600	0.0	4.830461213296905	3.8325180362760003
them	1650	0.0	4.8232474398828575	3.402312966977883
623	1600	0.0	4.821529219406603	3.9206959292407775
748	1650	0.0	4.813730382396379	3.1812650349244755
741	1650	0.0	4.811534173379113	3.626997180105219
c2	1700	0.0	4.802804520517871	3.6731487649800383
Paulo	1750	0.0	4.801294531886178	1.9558779010490845
Molch	1600	0.0	4.798292303354081	5.0423056786998215
383	1600	0.0	4.79230484087519	3.902929503454221
Rohstoff	1700	0.0	4.777509180872251	4.427427395365121
Sali	1700	0.0	4.777149375828276	2.9548981789856534
1001	1600	0.046	4.773657726805616	3.70112032308939
871	1650	0.0	4.770001284123351	3.772612346802511
769	1650	0.0	4.7569012208176	2.991304051246
646	1600	0.0	4.754734703538884	3.9034675803165197
564	1600	0.0	4.749698530438073	4.116955898120336
714	1600	0.009	4.746083368405245	3.6799036962590783
637	1600	0.0	4.737263373749105	3.407700314514711
Kuratel	1700	0.0	4.731116450529161	4.654168913950732
429	1600	0.0	4.719663983666628	3.9798663887541506
religiös	1600	0.0	4.7174366293406695	4.9385586152163246
403	1600	0.0	4.712538197344323	4.231022275541238
208	1600	0.0	4.709003241369869	4.344179533680805
722	1650	0.0	4.705299482668341	4.061040046467583
Beiwort	1600	0.0	4.691662569013051	4.932050543953388
1193	1600	0.0	4.687827738829228	3.605339399196728
Odium	1700	0.0	4.680554598646138	3.4635883987965763
235	1600	0.0	4.678943552494328	4.09368437780125
Emil	1650	0.0	4.67511809724553	4.071779483955806
302	1600	0.0	4.668417555309298	3.74698270217096
Rasche	1600	0.0	4.665710073429175	4.23241727912089
373	1600	0.0	4.652678933883404	4.106131032680831
Metropolit	1600	0.0	4.639682746168611	3.801955059741211
534	1600	0.0	4.631297386579648	4.001943975041179
turbulent	1700	0.0	4.62871087788999	3.5984143270388005
Que	1650	0.0	4.621760612761182	3.2945904209552133
Appendix	1600	0.0	4.612289187264457	4.457772641779543
856	1650	0.0	4.610632724095894	3.8201762152867365
Boß	1650	0.0	4.60410875814826	4.173906593695823
Grete	1700	0.0	4.603616009672285	3.9018366077403344
1388	1650	0.0	4.595854835301074	3.8487564665467775
zusammenschließen	1750	0.0	4.586379902078597	4.241840703659053
obskur	1600	0.0	4.583472644077153	4.53571263553252
214	1600	0.0	4.577240985328566	4.176749132155167
Theosophie	1650	0.0	4.57355471200171	4.229578219172306
Sekretär	1650	0.0	4.555031466142949	3.6772799251466104
326	1600	0.0	4.551880730580978	4.066417365228303
Moschustier	1750	0.0	4.55150036799446	5.142631739728258
Rottmann	1750	0.0	4.549646624903794	4.463585846993643
paradox	1650	0.0	4.538916555526121	4.495356102206237
Chaucer	1650	0.0	4.534127446015623	3.9881652631849835
855	1650	0.0	4.519869731975021	3.222080923526722
794	1650	0.0	4.517610384900933	3.5305638184115566
341	1600	0.0	4.517119259526079	3.812344571714583
Flavius	1650	0.0	4.514382451292881	3.1275082434480197
Zementation	1650	0.0	4.5119896186878465	4.5160437293149585
Ko	1650	0.0	4.508810790854154	3.658023442206262
Bormio	1650	0.0	4.505332791185329	4.3933595084125985
animalisch	1600	0.0	4.495309617261734	4.55326873065646
Transporteur	1650	0.0	4.48982120491625	3.7342010810024733
Indifferenz	1650	0.0	4.486751461187331	4.325145425907505
fuß	1750	0.0	4.471711067090215	2.2677247759587664
163	1600	0.0	4.468004783659265	4.103784788971762
Pyrrho	1600	0.0	4.461424527355328	4.253843932638489
Geschehen	1750	0.0	4.458121384182205	2.9875847799726536
Jaroslaw	1700	0.0	4.456636246114472	3.127255307383777
Vallée	1750	0.0	4.456299098483925	3.211467928964825
Langres	1700	0.0	4.449580126703734	3.8740810403266437
749	1600	0.0	4.448641507323882	3.7852622748165325
Ariosto	1650	0.0	4.4443954050328855	3.8012171052028245
Diktieren	1700	0.0	4.442464659670265	3.4718072659514876
961	1650	0.0	4.441997566512956	4.026073454946047
858	1650	0.0	4.439960229725164	3.3849377585281015
Pager	1750	0.0	4.439257883142547	2.764804788220101
137	1600	0.0	4.435921554189185	4.090939176605435
447	1600	0.0	4.42787237701376	3.6249097767054934
457	1600	0.0	4.4261982745321165	3.538595982048015
Lektüre	1700	0.0	4.426195817270776	3.8197704860413912
718	1600	0.0	4.42366528474812	3.7169167455640384
xlvii	1600	0.0	4.419761581637588	3.4174621376988075
ra	1650	0.0	4.410935289066067	4.759994742049204
Paz	1650	0.0	4.406923360070212	3.2777683476631743
Ed	1600	0.0	4.396925397521809	3.53322656183731
985	1600	0.0	4.388328273893302	4.156359409412218
Profanation	1650	0.0	4.384037412544419	3.6737078501504565
Kok	1750	0.0	4.366632191846591	3.5875050482795103
komponiert	1700	0.0	4.366092697245998	4.392222265823489
768	1600	0.0	4.362745275046071	3.4874302061971894
pharmazeutisch	1700	0.0	4.356315683934538	4.943311286281013
Algebra	1600	0.0	4.352969294212575	3.9786434352106888
Tonus	1800	0.0	4.339453711996848	4.718806158204235
929	1600	0.0	4.3378574768157385	3.391474192515048
458	1600	0.0	4.337590309274222	3.5245479446054424
Yorkshire	1700	0.0	4.328294177475854	4.085706965620159
852	1650	0.0	4.319270451341337	3.0649641604274316
Agitation	1700	0.0	4.315640955746196	3.0186252434434473
975	1600	0.0	4.296046143716351	3.3934240929252004
Treviso	1650	0.0	4.295080871635579	4.309349638421966
Sura	1700	0.0	4.249298187720333	3.7511703336339366
Reisesack	1650	0.0	4.246837740974583	4.197258692117167
parabolisch	1600	0.0	4.244912196378147	4.372314892310963
Derby	1750	0.0	4.231720315320898	3.5259745139902536
1224	1650	0.0	4.222512839390657	3.576147868010798
Or	1600	0.0	4.221143966151226	3.756345385483114
Siegwart	1750	0.0	4.21739559788722	3.690633343905873
Kontinent	1750	0.0	4.2116765707225365	1.736154329293236
entfallen	1800	0.005	4.209932721919636	3.950888271315026
koloriert	1700	0.0	4.201860668114714	4.701514832244249
Constantine	1800	0.0	4.1992078254572665	1.9601579889346312
Durance	1700	0.0	4.191193695119543	3.351155097408798
mindestens	1750	0.0	4.1840474670400605	3.9665512138494177
kontradiktorisch	1700	0.0	4.173883466966813	3.6479282200100394
Ms	1700	0.0	4.17349331955313	3.4350157507838657
Klischee	1800	0.0	4.152538352022143	3.381509062407525
645	1600	0.0	4.148927515005318	3.2662126874389488
Viktor	1750	0.0	4.143761001809768	2.983743800188586
Risiko	1700	0.0	4.140744059689272	4.304729832594091
712	1600	0.0	4.112223158862497	3.1047962756765584
Korrektor	1650	0.0	4.108727537360321	4.335325912470072
Signatur	1600	0.0	4.092478780671982	4.47170159182074
Ruhr	1750	0.0	4.090771660695718	4.016295224543551
Naturalismus	1750	0.0	4.075114953901597	3.0722870407681158
cn	1750	0.0	4.073947200594285	6.720118746748481
Hauff	1700	0.0	4.072771918444811	1.729712850060275
Ah	1700	0.0	4.071609830750935	3.0094138193996884
Plane	1650	0.0	4.069318619907824	4.621325716146898
Passivität	1700	0.0	4.066046096040287	4.119858982429377
Imitation	1650	0.0	4.052546963319497	4.093284848490805
Satz	1600	0.0	4.051503815393345	3.830413554278562
Kompensation	1650	0.0	4.051500905121812	3.9664275309072616
885	1650	0.0	4.043271203664818	2.7207656132280675
Kollaborator	1700	0.0	4.040701579920655	4.396574983547944
Remuneration	1650	0.0	4.0365777751547816	3.616360696880649
adressieren	1700	0.0	4.031278885261136	3.9662392722335467
Singularität	1650	0.0	4.028589814278732	3.7088407321768275
Atta	1650	0.0	4.0285589530562165	3.703385056382941
statisch	1700	0.0	4.02400016033796	3.1331727872899973
Schaffen	1750	0.038	4.02254476859472	5.195774454742092
Individuum	1700	0.0	4.016777100356047	3.4964054433178635
Kant	1700	0.011	4.007463060604346	2.825739633077772
Rhythmus	1700	0.0	4.006480964223333	3.669619064102027
Fulvius	1650	0.0	4.003973829632197	3.332376810307392
Presbyterium	1700	0.0	4.0022688989856725	3.212898262949297
Schlegel	1700	0.0	3.9849610930423367	5.127622425831666
Tonsetzer	1750	0.0	3.980748896327616	3.2349564447652135
Distichon	1600	0.024	3.9776615832184588	4.335234426344296
ruhend	1700	0.0	3.973876691117633	4.4914969262206865
Assisi	1650	0.0	3.9735697741979026	3.9626679252104116
gleichviel	1650	0.0	3.971317641665158	4.167395179023843
AC	1600	0.0	3.9655241132679286	6.112506593635005
sukzessive	1650	0.0	3.9511274000304493	4.313407608184392
zurücklassen	1650	0.0	3.9476723186581433	3.957066670631249
Enzyklopädie	1650	0.0	3.944972204419395	3.8047498959510135
elementar	1750	0.0	3.942661890143901	2.977055423480917
Kleiderschrank	1650	0.0	3.9398126039134422	3.859147762053267
Elsner	1800	0.0	3.93389374886525	1.4126231263912024
259	1600	0.0	3.9337694714029796	3.608210547503841
balancieren	1650	0.0	3.928987941903345	4.023897477795095
objektiv	1650	0.0	3.928291475735202	2.946023433016205
Vicenza	1650	0.0	3.9281272500511086	3.8801642885377094
Adagio	1750	0.0	3.9196995902011773	3.1049876699049186
Abstraktion	1650	0.0	3.9062690523967354	3.461754565389673
Epitheton	1600	0.0	3.8978257652087227	3.740142892499022
Cm	1650	0.0	3.8860108278344003	3.9376656810297965
genial	1700	0.0	3.8776345905171654	2.766795021699178
887	1600	0.0	3.872858023918602	3.702322444190307
797	1600	0.0	3.8682162394738127	2.9481227707068696
Abenteuerliche	1650	0.0	3.8613815335457295	4.496431988927262
Xn	1700	0.0	3.844012560570397	2.5747891999207737
Prädestination	1700	0.0	3.8433808418032798	3.6233421191332678
Heft	1700	0.0	3.8425959099971423	4.546780851687906
Hernandez	1700	0.0	3.8377616849857694	2.87852091006921
Liebmann	1750	0.0	3.831375516262831	4.442770280416384
dichterisch	1650	0.0	3.8165331578579718	2.7444615803060266
Fragment	1650	0.0	3.8163852936017815	4.535099947551473
Ausdruck	1650	0.0	3.8139151336885044	3.2834692162323313
human	1700	0.0	3.81375674594754	4.612124003408285
fortan	1600	0.0	3.8132495860518083	4.058714873572784
Georgia	1600	0.0	3.8069404347856213	3.7563735133335534
Billard	1700	0.0	3.8011906637481117	4.092888325641554
basisch	1750	0.0	3.7993078450143454	3.2506235920101285
Fauteuil	1700	0.0	3.797005852372636	3.7201997884530775
Ehrhard	1800	0.0	3.7894022369411173	4.656278925369926
Obstruktion	1700	0.0	3.787171021892986	4.688196422560117
1148	1650	0.0	3.784394705046926	2.5253133309129328
Prinzip	1700	0.0	3.781003013023569	2.1891774214913644
Rosina	1600	0.0	3.7673211697924547	3.66609515084568
Nix	1750	0.0	3.758007368350855	2.9201382236961066
Lukas	1800	0.0	3.7489679429194833	3.9688296114568926
Paßer	1750	0.0	3.7472798565292185	3.171108123051592
Durham	1700	0.0	3.7443817211836077	3.5148380423547585
Papa	1650	0.0	3.739711039525109	4.621452995492001
Senegal	1650	0.0	3.7242059153610025	3.6330903449775542
Addition	1650	0.0	3.722574119552864	4.119161566706596
Wähler	1750	0.0	3.721316557084916	2.549693466073856
betragen	1600	0.0	3.7175546837951674	3.8362264947592375
barock	1650	0.0	3.71362347778069	3.5752959136404248
betrauen	1650	0.0	3.7037615447597485	2.163974633431318
Grad	1600	0.0	3.7012655502183613	3.7225569875278226
Si	1600	0.0	3.6844802742868623	3.5831778143937973
fatal	1700	0.0	3.6774855986116934	3.5519214740194087
Dasein	1650	0.0	3.6764793382486243	2.9037173322723335
Feststellung	1750	0.0	3.668595571878437	2.467196434862788
Problem	1700	0.0	3.664744088882674	3.108890801796713
spionieren	1700	0.0	3.6576305893132868	3.038232077099626
kuppeln	1800	0.0	3.656541455091457	3.7464036996642873
Enge	1600	0.0	3.638890607672998	3.839821225939401
Haftung	1650	0.0	3.636914351898259	3.4082063728653327
frais	1650	0.0	3.634760917747748	2.6194503644601417
einwirken	1700	0.0	3.632590765850269	2.832737958803598
relativ	1700	0.0	3.6316735072355173	2.1680012969698184
real	1700	0.0	3.6227493361432104	3.014982468271724
Stadium	1750	0.0	3.619481867365554	3.2362452094309044
Fr	1750	0.037	3.6157313157188145	1.9401049765569676
indifferent	1650	0.0	3.610607721199785	3.0752836590147203
Kabale	1600	0.0	3.603765650179792	4.42867106716876
Patriziat	1700	0.0	3.597612002976872	3.574638656531976
Publikum	1650	0.0	3.5931344187398078	4.440519054597037
Bucherschrank	1650	0.0	3.590850943298971	3.187844478909485
Streik	1800	0.0	3.5898599046437805	2.6213140897099256
Hartleben	1750	0.0	3.5864703961095805	4.472857109700983
betreiben	1700	0.0	3.5860007875069644	3.6086666547287773
ersichtlich	1750	0.0	3.576824732925216	3.4446657138560832
zuteil	1700	0.0	3.575521655758971	2.544378967138509
Mama	1650	0.0	3.574992959049666	2.5979752722614338
abgespannt	1650	0.0	3.572531352976892	3.718965994230155
Axiom	1650	0.0	3.570055102355851	2.602270970387443
belassen	1700	0.0	3.5630314448621516	3.5276483826975222
Beton	1800	0.0	3.558990904154844	3.00041278254479
Isidor	1750	0.0	3.558796428118241	4.332458828227973
binnen	1600	0.0	3.5570420263799836	3.2653307536845335
Toilette	1700	0.0	3.556141875206347	3.5469434715663084
Waitz	1650	0.0	3.5535878003621924	3.893618417758795
Moral	1650	0.0	3.5462491951860207	2.795645840174801
Praxis	1650	0.0	3.535841604746068	3.280556356000679
vorliegen	1650	0.0	3.534014897068529	3.4574363324272928
Unmittelbarkeit	1750	0.0	3.5300372399183915	2.634313817308664
hervorragend	1800	0.0	3.5259243360245067	2.3755432670465515
Felsenburg	1700	0.0	3.513655895552447	2.7355661987566924
Neukirch	1700	0.0	3.5097943502827995	2.2981009930878256
Badener	1800	0.0	3.507044761308057	1.9896950017262958
Intrige	1650	0.0	3.5055808721315445	3.539774821519984
Priori	1750	0.0	3.499093200282994	4.660682122988219
Liesechen	1700	0.0	3.4990317373843327	3.225327092297831
vorgesehen	1700	0.0	3.4989636494846366	2.2961865430938966
Epoche	1700	0.0	3.493000359683931	2.9151424568054383
Maillard	1600	0.0	3.4878166694055555	2.78599643469621
Abba	1700	0.014	3.4863703561827353	3.441333794794604
Karriere	1750	0.0	3.4859527906160532	2.750817419823908
intim	1750	0.0	3.4841677860258318	2.6773239309156707
intern	1750	0.0	3.46785191941737	3.0028021478972033
Affektation	1650	0.0	3.466253282198444	4.057368931472442
placieren	1700	0.0	3.4640721406362056	3.396354460474061
Neuberg	1800	0.0	3.461069580076031	4.417120327135142
Typus	1700	0.0	3.4575013706857103	3.4163749138991952
ideal	1700	0.0	3.454163882197495	3.1885610356758622
Gemeinheit	1750	0.0	3.453393518238279	3.0719875193835184
Varus	1650	0.0	3.4496423570382078	3.4303342875410254
dauernd	1650	0.0	3.4471816906346398	3.0901431382091804
entgegnen	1750	0.0	3.4437871450407327	2.598208697746331
Dulden	1650	0.0	3.4407218386068656	3.1363910147297385
Vehemenz	1700	0.0	3.4387308478651244	6.196422518242039
Miene	1650	0.0	3.4377582164646237	2.766110558908185
protogen	1600	0.0	3.4350715400125704	4.531479718281721
konservativ	1650	0.0	3.43251086009136	3.1344700109585317
Weilen	1750	0.0	3.4308383277982726	2.85518104904494
Barmen	1750	0.0	3.4288139507795634	1.5930322893552797
Mantelsack	1650	0.0	3.423149200559462	3.215328321373548
Anbringen	1800	0.0	3.4184448070608457	0.9523178768682274
Froriep	1800	0.0	3.412234167460771	0.9770961613727148
Etage	1700	0.0	3.411072287332529	3.3564018425545505
And	1650	0.0	3.4100696707611906	3.7717934563370283
existieren	1700	0.0	3.4100230152688917	3.713912853642756
Martius	1600	0.0	3.406475812516585	2.9659470733960593
Anarchie	1700	0.0	3.405614926700167	3.5894666682156267
Brescia	1650	0.0	3.400941702365038	3.468816505709618
Tscheche	1800	0.0	3.3951370563531222	1.7327846445939197
Woldemar	1750	0.02	3.394877203288585	3.8011278947010316
Köthen	1700	0.0	3.390696812324275	2.12525182933622
Therese	1700	0.0	3.386023676525348	2.5897736755829155
entschieden	1700	0.0	3.38401055371068	2.948674217356767
Dividende	1700	0.0	3.3795374163277563	1.984820696361536
Hechingen	1750	0.0	3.3777318716469416	5.461192486374422
enorm	1750	0.0	3.3709254064334533	2.675052703561655
Drehscheibe	1750	0.0	3.370725142176841	2.250882506782974
zollen	1800	0.0	3.365673078599372	2.878476685653085
Programm	1650	0.0	3.36220190251056	3.811814415437599
Inkarnation	1650	0.0	3.359592495216565	4.16181493453842
Schisma	1650	0.0	3.356204344181215	3.3752328096077315
x2	1800	0.0	3.353777580412619	4.552600820447971
Einfall	1600	0.0	3.351505379796502	4.389988301646858
genügend	1750	0.0	3.3398312929566885	3.2421412512715015
Wohl	1650	0.0	3.338575139491965	2.5824611904592882
Aufsatz	1700	0.0	3.33476629299283	3.137355414186205
Bekämpfung	1750	0.0	3.3298104365736343	2.219983616756838
Wurz	1700	0.0	3.3287748697417316	4.034007687018703
Kobold	1750	0.0	3.327852472775174	2.594904831317498
luxuriös	1700	0.0	3.3220266959945297	3.9200042328877096
Type	1750	0.0	3.318636302428047	2.829231630108802
architektonisch	1650	0.0	3.317855971972533	3.5963063714974783
Aurelie	1800	0.0	3.3177257537352243	2.3014891431734044
Steinmeier	1750	0.0	3.3176128239379405	3.2001458759744015
Platen	1600	0.0	3.31634803539978	3.631796317518003
Schädigung	1800	0.0	3.3141107887068886	1.986967859523562
Steuerung	1750	0.0	3.3134475429165855	2.7344279134293
Drehen	1650	0.0	3.3053864690933272	2.4071110340823907
Park	1700	0.0	3.303806629952455	3.059514442090531
gewählt	1700	0.0	3.2976479193079618	3.165881959383871
337	1650	0.0	3.2956421357164247	0.07676895934913022
Mechanismus	1700	0.0	3.2911224702287063	2.447716622798367
Unannehmlichkeit	1700	0.0	3.28221444916353	3.0703325288391095
Talmud	1600	0.0	3.278573477133958	4.1044506165323105
staatlich	1750	0.0	3.2778558298582907	3.637426846116056
schädigen	1800	0.0	3.2777011155384104	1.5063182583266206
Funktion	1700	0.0	3.2775608604349946	2.5763296051285733
Schanz	1650	0.0	3.277172331765521	3.5049542108302894
Vorbedingung	1700	0.0	3.2747970996588176	2.0203740449530825
Royal	1650	0.0	3.2728781070244857	2.7268271200941903
sprachlich	1650	0.0	3.2691449004861357	2.1488147167235905
betrinken	1650	0.0	3.264155264939352	2.233981833499776
umfassen	1750	0.0	3.262839593357085	3.7686110196282776
vorübergehen	1650	0.0	3.2624314210155894	2.864261220780366
Fach	1700	0.0	3.2537222049329455	2.61124469492494
ernennt	1650	0.0	3.252984580999044	3.103025296770265
Markus	1800	0.0	3.251781418464047	3.981691559025208
Schirm	1600	0.0	3.2510201664760032	3.128359956816816
feststellen	1650	0.0	3.249149878952254	2.948637069460067
brutal	1650	0.0	3.2491270102694023	3.0681974441852193
angebracht	1700	0.0	3.248721030036601	3.4150428281370737
Ruthene	1700	0.0	3.2483227951909335	4.128938105673591
Sohns	1700	0.0	3.2437432297034894	3.1224742414689235
weilend	1750	0.0	3.2366894987664727	2.542720666101489
Leut	1700	0.0	3.23652961965189	3.510793275115219
konsequent	1700	0.0	3.233502317328581	2.1322503182578516
ländlich	1650	0.0	3.2333984379387193	3.0894691969088823
Landschaft	1600	0.0	3.2290600933789113	3.29871170310889
Lieschen	1800	0.0	3.226626143183381	2.251310144508603
Beginn	1750	0.0	3.226042827154462	4.230268175571729
Monopol	1700	0.0	3.224343660390159	3.344121154198429
Bordell	1700	0.0	3.2240710627842026	4.035951178216202
akut	1750	0.0	3.222916342825205	2.8835904670377914
Mieter	1700	0.0	3.220328162331286	3.165713786106338
Überschuß	1600	0.0	3.218621008074415	2.5725696009689303
Beck	1650	0.0	3.2170085587615382	3.8570908210285486
Concreto	1700	0.0	3.2158001563373	4.59910044774568
Fluidum	1700	0.0	3.2137013201260114	4.741145872829088
Annales	1650	0.0	3.2135558225376086	3.8181710497680243
Zunahme	1700	0.0	3.2134128207520285	2.289338031117489
radikal	1700	0.0	3.209502774481232	3.486387954391953
Troubadour	1650	0.0	3.209351707219829	4.148502894641862
Di	1600	0.0	3.2028638816118447	3.661746236609351
Marx	1750	0.0	3.201802396621197	5.733888309041884
populär	1700	0.0	3.200364830948059	2.299877053038719
Inwohner	1750	0.0	3.197519025766086	3.2273789967336293
Blum	1700	0.0	3.196310641822828	3.7095619922705882
ökonomisch	1650	0.0	3.1946450431868856	3.602091695131131
Geschick	1600	0.0	3.193075009609191	2.5224083217251554
Mary	1700	0.0	3.180381592000978	3.875115915927797
Errungenschaft	1750	0.0	3.1770367725726683	2.4779153767283555
Marga	1800	0.0	3.172075413316592	4.928109193914735
Postulat	1700	0.0	3.1714621545072066	3.32447670390909
California	1700	0.0	3.163916972915822	4.05972997239274
Aufbau	1750	0.0	3.160934769021313	3.198284738871075
Goldschmied	1650	0.0	3.1598279573170043	3.173781770033675
Experimentieren	1700	0.0	3.158074922821989	3.271791630844975
national	1650	0.0	3.1579900540480432	2.4082351057048834
Gliederung	1750	0.0	3.1525902632111884	2.3304911862901134
kurios	1700	0.0	3.147357811302382	4.268721779689563
unterstellen	1750	0.0	3.1396112468354973	2.917882184869894
glorwürdig	1750	0.0	3.1393720069407065	2.1266253416399503
abhängen	1650	0.0	3.1373297610001587	2.937647594409041
Zersplitterung	1750	0.0	3.1351531124152388	1.8886711969407644
Schäferei	1800	0.0	3.132661801737015	3.237907114198761
biographisch	1750	0.0	3.1323495115387496	2.440579986413955
rau	1800	0.0	3.132205657592892	1.2667255770776717
Tellheim	1750	0.0	3.1246111291083483	2.183426819308164
Bremond	1800	0.0	3.1189385041449955	4.746708462166827
dominierend	1650	0.0	3.118387399481951	3.5767932058473364
Gladiator	1650	0.0	3.114436526985082	3.210013417506327
Standpunkt	1650	0.0	3.1139969975132376	3.2752306095191894
Wert	1600	0.0	3.1130863326793463	2.957204418694891
Apparat	1650	0.0	3.109491906299074	4.361279894426902
Antonia	1650	0.0	3.1092878159507085	1.9688494905899623
circa	1800	0.0	3.104685412877248	0.003491579765410114
Heller	1600	0.0	3.1040534407156173	2.4778567247920935
Institut	1700	0.0	3.1040382380398253	2.9153217273977434
riesig	1750	0.0	3.101091786869488	3.050325062419863
jeher	1700	0.02	3.09750812952141	2.571577669664996
Rückfahrt	1750	0.0	3.095669732697682	2.9639749367656463
428	1600	0.004	3.0926018470557817	2.0521862103779247
madame	1650	0.0	3.0898020869065363	2.9614392839696815
Erzieherin	1800	0.0	3.081804120088562	1.6415854992643049
Mandl	1750	0.0	3.08028472948863	0.8117897487903144
Autour	1800	0.0	3.080202699321324	4.691239357501733
formal	1700	0.0	3.080113491587807	0.9160312932764214
ersehen	1600	0.0	3.0776265859050476	4.494324286932678
Korridor	1650	0.0	3.076821739442523	2.606840727726336
Schreibtisch	1650	0.0	3.076163728759776	2.3244116639476378
Reuter	1750	0.0	3.0761134888457193	3.801432298112423
Tannenberg	1650	0.0	3.074276783592504	1.6368743726773727
normal	1750	0.0	3.073837542157011	2.984673555069117
redigieren	1700	0.0	3.0733343841150305	2.182419319991185
Lex	1650	0.0	3.0668309237192353	4.395032062578503
Meran	1750	0.0	3.066516102212123	2.327709154280808
Erleben	1750	0.0	3.062585930093536	2.118203302973018
Festsetzung	1700	0.0	3.062142732352025	1.7575873464171994
Heimweh	1700	0.0	3.0610896301273707	2.326593675155858
Examina	1650	0.0	3.0524205826010493	3.789542704635926
Observation	1750	0.0	3.052397961645502	3.368371478502497
Dilemma	1700	0.0	3.0518470685190042	4.640005761978553
inspizieren	1700	0.0	3.0482476505626916	3.793677312700087
Hospes	1700	0.0	3.047736956702316	4.281872730077811
Entlaßung	1700	0.0	3.044621490796546	1.773701789836392
abmachen	1650	0.0	3.0440285783988714	3.0240497173163887
eingeräumt	1650	0.0	3.04189763230508	2.0152571742984287
Dogma	1700	0.0	3.0390442267189974	2.704068673920506
Prämisse	1650	0.0	3.0356407790802535	2.410789431430398
Besuch	1650	0.0	3.030753646185646	2.389291440277676
Dorothee	1750	0.014	3.0293979470790666	2.3776960458079395
praktisch	1650	0.0	3.0281478308083476	2.3495605413375378
vermittels	1600	0.0	3.027269607717832	3.209044979512923
bilden	1700	0.0	3.0244560602641584	2.396912299794352
Herrin	1750	0.0	3.0188845976207572	1.5950317505511005
Eingreifen	1750	0.0	3.0188497495151436	1.9793107255808606
bedeutsam	1650	0.0	3.0184386526687255	2.675032194480027
Übersicht	1600	0.0	3.0158582819944333	2.357193434252112
Grauen	1600	0.018	3.0149100325140576	2.058410814514097
barometrisch	1700	0.0	3.010413652493787	4.544788353300013
Repräsentation	1650	0.0	3.0100048395766965	4.213989553939551
Cholera	1750	0.0	3.0049108453297295	3.4335426486614637
Kabel	1800	0.0	3.004068551681102	4.9427680581015885
entscheidend	1700	0.0	3.002581999712315	2.926539725467618
Leitung	1750	0.0	2.9972863652655866	1.8812447301081774
Pauli	1700	0.0	2.9970306377285727	3.6273697916121845
offiziell	1750	0.0	2.9941029839563815	2.59843399424208
Gütigkeit	1750	0.0	2.993997202914989	2.6018327889696837
erzeugt	1750	0.006	2.993977858401773	1.8188811773952323
kursieren	1700	0.0	2.992007096081371	3.7773583849366443
no	1650	0.0	2.9802979607164053	5.315541815061287
Eckart	1700	0.0	2.980076056965968	3.3155881627664465
extensiv	1700	0.0	2.9797563582267017	2.7238609796095976
Aktuar	1700	0.0	2.9783079992795365	2.1423702533506437
logisch	1650	0.0	2.975240602314014	1.8858494401968464
Neubau	1750	0.0	2.9748782578417576	2.792493836037139
Widerspruch	1600	0.0	2.974188875502228	2.340669659610334
Stätte	1600	0.0	2.97399476945725	2.8368348899128146
Ressort	1750	0.0	2.973986026588441	1.6883157103712363
Essai	1600	0.0	2.973057867494564	2.0147743859714162
Nachtwandler	1800	0.0	2.970164901407892	2.46301980058961
bedeutend	1750	0.0	2.96900114612385	2.7236937830359293
Gesetzgebung	1700	0.0	2.9653057689364264	1.893755804953095
zahlen	1600	0.0	2.962863471074959	1.9330149118125546
insolent	1700	0.0	2.9595239868321976	3.8448802822579053
Katastrophe	1600	0.0	2.958956635714606	3.8111329260533586
unterstützend	1750	0.0	2.95834513513615	4.012770401198342
Schaffung	1800	0.0	2.95800442152793	0.03399234235068598
kaufmännisch	1650	0.0	2.955525776435795	2.4706696297723436
liberal	1700	0.0	2.9546088828101373	2.9750707309014826
Auftrag	1650	0.0	2.953412435356925	2.332207503606484
Auslese	1800	0.0	2.9529854353008935	2.9586602316221593
Giotto	1650	0.0	2.9516854447699843	3.2568600248050763
Mission	1700	0.0	2.9512105458719895	3.155534692534064
Marinelli	1750	0.0	2.950927109662018	2.1001714466017742
Mangold	1700	0.0	2.9482141050106065	1.9317397918712613
hergestellt	1800	0.0	2.9478573923032854	3.13808227525912
negativ	1700	0.0	2.947651273556052	2.7901188846185683
tes	1600	0.0	2.946345357687205	1.9579836885133857
Gleichgültigkeit	1650	0.0	2.9447311727414047	1.9861277628315845
Häcker	1800	0.0	2.9406848617649666	0.36833944457702567
Semester	1800	0.0	2.938307245275979	1.0038182802066893
Werkmeister	1750	0.0	2.9382729349438232	3.2183139770563574
Lohenstein	1700	0.0	2.9380929905435536	1.9496513475002528
ehrenvoll	1700	0.0	2.935954295132154	2.39293521801513
Weibsleute	1750	0.0	2.933365719662099	2.025010293503895
dirigiert	1700	0.0	2.9299692351663067	2.090900581047741
Verschiebung	1700	0.02	2.9277263436582315	1.4183587534259081
Jan	1800	0.0	2.926815865982267	1.9081375329877919
Singstimme	1750	0.0	2.921809760634825	2.419515848956266
Konzentration	1650	0.0	2.920056142144978	2.441267049157966
brauchlich	1750	0.0	2.9198561325061885	2.0126103070789547
Aachen	1600	0.0	2.9192205940633293	2.15271887661285
vortragend	1700	0.0	2.9159815333005157	2.0963860816568913
Brutalität	1650	0.0	2.915588313686782	3.3155506508062444
Tonikum	1750	0.0	2.9150198859947736	2.9116071530974437
erstreben	1750	0.0	2.9149755401488577	2.283347623330922
erzielen	1750	0.028	2.9149501562386773	2.493153990510249
Verkehr	1650	0.0	2.9103881713836737	2.763148016846975
Pfarrhaus	1650	0.0	2.9094978093455697	2.179474231442762
genetisch	1650	0.0	2.9079690752577863	2.0609542621971677
Unterdruck	1750	0.0	2.906806059220145	0.22580405066395354
verschieden	1600	0.0	2.9022096731775986	2.838352983235672
Tilgung	1750	0.0	2.900129904339513	0.8550944113472205
vorrücken	1700	0.0	2.8973945706269353	3.882856598973215
Vorstoß	1750	0.0	2.8941241917421627	2.496514271470923
Ehegattin	1750	0.0	2.8918116954800857	1.4364289844654339
lxxxi	1700	0.0	2.891547593394701	3.5493952437497365
ausgeprägt	1750	0.0	2.891206192951749	2.4291137328173034
Luxus	1700	0.0	2.890789128631871	2.767408066742414
saturnisch	1650	0.0	2.888393622284452	2.3844951208495964
Materialist	1750	0.0	2.883552994568661	2.5336758977946214
hereinkommen	1650	0.0	2.8803254054016283	2.2464364370325525
Referent	1650	0.0	2.8783752628355623	3.624301556505332
produzieren	1700	0.0	2.878183653189053	3.0883326181925663
738	1650	0.0	2.8746892706341525	3.831366157329177
steif	1600	0.0	2.87412306724948	2.770503420129905
gegenüberstehen	1750	0.0	2.8714970745398096	2.2957861235227925
is	1650	0.0	2.8701344250045704	3.399886406087663
Vision	1650	0.0	2.869573373878537	3.4573762530161427
Abgabe	1650	0.0	2.866989942458877	2.2421183254427204
beiderseits	1750	0.0	2.865742647459372	3.0308514712100516
Esaias	1700	0.0	2.86410476860426	2.532686314068435
Kolonie	1600	0.0	2.8638679826402007	1.9474804087068958
Sizilien	1600	0.0	2.8629454348433967	2.293709443230701
Antrag	1650	0.0	2.8571444091420615	2.5830702379040407
rege	1750	0.0	2.8546072509952474	2.0336867400115324
Sekretariat	1700	0.0	2.8536178086674537	2.5531391547801525
Beruhigung	1600	0.0	2.852836405765595	2.4496834807034364
konvulsivisch	1700	0.0	2.8519698470514543	3.9869205449989993
Intervention	1700	0.0	2.849698236355104	2.73152522581963
Propaganda	1750	0.0	2.848435109435513	2.425278448731162
Leger	1650	0.027	2.845698063823909	2.2705094681589437
Einteilung	1600	0.0	2.843795896714501	2.4301583752536637
naiv	1700	0.0	2.843100507233165	2.157945008241158
Regeneration	1700	0.0	2.8397845205986085	3.897245256949336
satan	1700	0.013	2.8391378080435477	2.096702681519497
Sphäre	1700	0.0	2.8387028415484172	1.96061598408214
tragend	1700	0.0	2.837593712063448	3.0141706507374297
Lilith	1700	0.0	2.837248792778883	4.1260251829428665
hierfür	1750	0.0	2.833624629667245	3.6346279982366827
Resultat	1700	0.0	2.8318119022655344	2.4381032474857434
Thusnelda	1650	0.0	2.831428762740273	1.8730093574523252
europäisch	1600	0.0	2.8287716789792725	2.355446913602054
resigniert	1650	0.0	2.828515672132365	2.9585062758950977
Versehung	1700	0.0	2.827279857445517	0.6549646785301567
Senke	1750	0.0	2.82625573028463	5.225854384773548
Delikt	1650	0.0	2.8259749309725835	2.308335950909405
CD	1800	0.0	2.8218807882119115	1.85559569486053
Henrich	1750	0.0	2.8201096317722314	2.422112544763209
agitieren	1700	0.0	2.8179552222056468	4.613870688114194
Kultur	1650	0.0	2.8176881491691006	2.5233532451813416
eintretend	1700	0.0	2.8169986052774285	2.213321588126932
Primaner	1700	0.0	2.8126658857081708	3.4474023532177354
Charakter	1600	0.0	2.81140614501062	2.233439971047993
rational	1700	0.0	2.8113510207390875	1.2849820855341305
Antithese	1700	0.0	2.8110584394251705	2.416391840722267
798	1650	0.0	2.810920238631061	1.9961840448202577
Inde	1700	0.0	2.81049744466862	3.4211787456289113
Gegensatz	1600	0.0	2.809704123116086	2.1009725484137594
straffen	1700	0.0	2.8094402068660984	2.2846427245984082
Philadelphia	1700	0.0	2.80116329097223	1.9913530980627547
Front	1750	0.0	2.7982105917167446	1.3089211127408886
Sud	1750	0.0	2.7970579731515857	0.2776627474270349
Reform	1700	0.0	2.7970333662707567	3.1344624421426976
Bankier	1700	0.0	2.796877759917975	2.89295304952775
teilnehmen	1750	0.0	2.7927388636507877	1.9982569674890251
Olaf	1700	0.0	2.7899843260570045	2.5815257595746313
pathetisch	1650	0.0	2.789560982725563	2.239874389779391
Lyzeum	1700	0.0	2.788911618888977	2.2960920527225315
na	1700	0.012	2.788377413039457	2.558591853032404
Integralrechnung	1800	0.0	2.788061475859209	1.582576432772307
Phrase	1750	0.0	2.785552823778935	2.258170107075645
Kaufm	1800	0.0	2.781387186404133	1.3794409968693064
vorgedenkt	1800	0.0	2.777552632556503	2.023737174422309
Begriff	1600	0.0	2.7761051675085655	2.1656103487238054
Analyse	1700	0.0	2.7756891713492022	2.41125721109487
festgesetzt	1700	0.0	2.775673143046059	1.1323708336184433
Faktor	1750	0.0	2.7747577050656496	1.816038572090521
Nebenzimmer	1700	0.0	2.773982660423627	1.6404814635262515
Drama	1650	0.0	2.7739131761906517	2.9773057507355443
BC	1600	0.0	2.7737662043916145	3.6682539025718484
Vordergrund	1750	0.0	2.773563353585642	3.2150415725779737
Clementine	1800	0.0	2.7717273052157414	2.8219752870069987
Instanz	1600	0.0	2.77002319138992	2.079210346663035
nöten	1750	0.0	2.769344895922404	1.7278536180329231
Alice	1800	0.0	2.7680885820426715	0.9726428547781127
Wunsiedel	1700	0.0	2.7642675887032135	1.198076402423812
Literatur	1650	0.0	2.762598494461836	2.331754703088238
Lektor	1800	0.0	2.7625955848536483	3.9685160223931852
Werft	1700	0.0	2.762277220402119	4.18581910609206
wahren	1650	0.0	2.761917233454827	2.275494319611239
sublim	1650	0.0	2.76104592716028	2.991872317514699
langweilen	1750	0.0	2.7608036690918523	1.6874765442101038
Reformator	1650	0.0	2.760462643144955	2.824623778702017
Daten	1700	0.0	2.7584551546440768	3.247148329838387
Aktie	1700	0.0	2.75564385160536	1.9737104891211725
Verfasser	1600	0.0	2.754739249109046	2.121935497699545
naturgemäß	1750	0.0	2.754277365987441	1.765516827405745
Zurückgeziehenheit	1750	0.0	2.753956369296281	2.1462570562731424
Syndikat	1650	0.0	2.7535664176905175	4.239929031876922
aphoristisch	1700	0.0	2.7523748789977143	3.598549330768873
Laune	1650	0.0	2.7508643763616925	2.9362192822667836
berechnen	1600	0.0	2.750571387865626	2.372695851788593
Kaplan	1600	0.0	2.749248638813344	1.7846812739681435
mittels	1700	0.0	2.7483320046138253	2.974693422199244
materiell	1750	0.0	2.7473679952331933	1.089047644680886
eintragen	1600	0.0	2.7472411675543866	3.8309156404619116
Kontrahent	1650	0.0	2.745974868512005	3.104646186688331
Howe	1750	0.0	2.7452639636827065	4.310129443460514
Institution	1750	0.0	2.742977699216902	0.9058725528465811
Terrasse	1700	0.0	2.7414504711204737	2.128431862801543
Steinlein	1700	0.0	2.7412670361638165	2.7684806711738434
Mollton	1750	0.0	2.7393772770662355	2.0415003334872965
Volta	1650	0.0	2.735808911143656	3.5034213160093626
nachdenklich	1700	0.0	2.7343201150075784	2.498888136364682
eintreffen	1650	0.0	2.7342481022326286	2.4205374271477136
Komponist	1800	0.0	2.7323452323072095	1.6447130325913848
Sardinien	1600	0.0	2.7306389060164085	2.5700168566863892
extrem	1700	0.0	2.730245549585695	1.868498479728439
Prosa	1700	0.0	2.729434566280542	3.794608854757166
Darlehen	1750	0.0	2.729300710736803	1.5626306427988947
Net	1750	0.038	2.729140700544828	2.968696579938595
Erwerb	1650	0.0	2.7284209753541058	2.0772405161482803
Talent	1650	0.0	2.728231964684188	2.1480128487579337
schildern	1650	0.0	2.728149411749343	2.3673079589338397
These	1750	0.0	2.7270873407470555	4.078855640466566
Bodmer	1750	0.0	2.7240834471371285	0.8769973533344282
Disput	1750	0.0	2.7228506081667585	1.8868802163706249
Thema	1650	0.0	2.722813885055185	2.50181641481333
Habitus	1650	0.0	2.722246473868617	3.2837836115885937
Tabelle	1600	0.0	2.7220002290287852	2.394826390577926
genehmigen	1700	0.0	2.720913781280354	2.1570032052478103
Seelenheil	1650	0.0	2.717884943532823	1.744921185690191
Sepp	1800	0.0	2.713322414845973	2.5136687080028133
Baurat	1750	0.0	2.7123858481162726	1.1522774859260412
umfaßend	1650	0.0	2.710046242829109	2.4208251610009808
Lösung	1700	0.0	2.709603045261512	3.350756736447654
Fleury	1700	0.0	2.708304720735081	2.093966214253432
helldunkel	1750	0.0	2.707978721008573	2.141616780213426
Schmolle	1650	0.0	2.707140194918974	1.5215354969940214
Serbe	1750	0.0	2.706985381873309	2.661028629556604
Mittageßen	1650	0.0	2.7063913417285046	2.0947210759695336
tagend	1800	0.0	2.7036452457458484	0.6009078067744701
Architektur	1700	0.0	2.70332201056905	2.933375752964907
affektiert	1650	0.0	2.701827327659438	3.9563234534207115
passiv	1650	0.0	2.701446102568692	2.3310141687167256
tätig	1750	0.0	2.7012362232241927	3.621442095905825
erfaßen	1750	0.0	2.7002242309863798	1.482415326258659
Präfation	1700	0.0	2.6998612465024747	0.716562935303541
Personal	1750	0.0	2.6995584203532865	1.6018539309560846
jugendlich	1650	0.0	2.6983884132429377	2.338486348248162
eingegießen	1700	0.0	2.6969011329284203	3.6758550614215673
Volksmasse	1800	0.0	2.694769776833356	1.91764606243556
Beziehung	1650	0.0	2.6931263427079077	2.0259767977182275
Sela	1600	0.0	2.692983391502215	2.556963750760516
Beschaffung	1700	0.0	2.692955117742916	1.5152885756912096
Dekan	1650	0.0	2.689521100917866	1.9544616651161695
Büro	1750	0.0	2.6866491176620375	1.8612378226750823
Rußland	1600	0.0	2.6843703578461513	2.2522770384731814
just	1750	0.0	2.684013893675482	1.875712489671631
sozial	1750	0.0	2.6812095579539834	2.4148258485495737
Burton	1750	0.0	2.680919584816127	2.0646467457804962
Basis	1700	0.0	2.6806510752866384	3.6094783906651684
anbringen	1700	0.0	2.680547861815955	1.8156690599743883
Prüfung	1600	0.0	2.678717328695395	3.199464811985411
beseelen	1600	0.0	2.6762975297960763	2.263682354935842
François	1800	0.038	2.6753435513545045	3.3229774072490392
münden	1750	0.0	2.675338364608396	1.0343392907966134
Sievers	1700	0.0	2.6752973886519076	2.1198781178538146
Minna	1750	0.0	2.6752593922869847	1.8457552883693
Mitwirkung	1750	0.0	2.6748758369337136	1.5066384966836286
Freiplatz	1750	0.0	2.6721496287545254	1.9585190775445949
Röm	1800	0.0	2.6711673133884783	0.40464701809850273
Waisenhaus	1650	0.0	2.669300817131235	2.046727457636761
überliefert	1750	0.0	2.6688979497352667	1.1681907234845315
Dorpat	1800	0.0	2.6675457486721785	0.9042390322176084
Zuschuß	1700	0.0	2.666809240901684	1.6742274185722548
My	1700	0.0	2.6657498657623027	2.438490511132116
Kay	1600	0.0	2.6655743736515456	1.9505182165543653
konkurrierend	1700	0.0	2.6651015892263556	2.3336726196095845
vielseitig	1650	0.0	2.662465879188897	2.2929993157721116
Auferstehene	1800	0.0	2.660238810069212	2.602369397521399
Winslow	1750	0.0	2.659735204726456	0.9522655493901592
aufwärmen	1650	0.0	2.6586049389536965	2.9198786534142664
anknüpfen	1700	0.0	2.6579456490631803	2.7708647986959054
Stil	1650	0.0	2.6563246031061873	3.1411080374266027
Deckung	1700	0.0	2.655252325906567	2.4176207051374305
vorlaufen	1700	0.0	2.654295773423132	1.152920123051192
Gutschmied	1800	0.0	2.6542246556057147	3.81491949118485
Senat	1600	0.0	2.6493426748731475	2.1684088671923196
steril	1700	0.0	2.648681272760707	3.9405277985816216
Galotti	1750	0.0	2.6485819088506775	1.857918948534253
kollidieren	1650	0.0	2.6451001333242026	3.369436987248696
kontrollieren	1750	0.0	2.644098310051277	1.8342601042434994
Verpflegung	1600	0.0	2.6384828124751287	1.4614243440644012
Kredenz	1700	0.0	2.638395903239413	3.312243383135505
Genossenschaft	1750	0.0	2.6368325540777287	1.5486463482714241
städtisch	1650	0.0	2.6367092434546464	2.2374969443135053
kauern	1650	0.0	2.634576404841123	1.697700467741672
Planer	1800	0.0	2.6335583550870036	4.303816285321494
Kombination	1700	0.0	2.6312319938436692	3.2061102966167176
auffassen	1700	0.0	2.6291304388860284	1.8221371625282532
Öde	1650	0.0	2.628552326767957	4.310693798931097
Zuschlag	1700	0.0	2.6275711055954725	2.7361821813244265
befindlich	1600	0.0	2.6273295905528142	2.748820981505499
Schwungkraft	1800	0.0	2.626751592792179	2.5387810949682708
einfach	1600	0.0	2.6252924720033772	2.4774883877534846
Materiale	1700	0.0	2.6251090551294265	1.9132843046226498
erzielt	1750	0.0	2.623070686517594	2.107080418594206
Leere	1650	0.0	2.621117037170847	2.5292134354482156
Oberförster	1650	0.0	2.620358873714149	1.759287487765511
vielstimmig	1750	0.0	2.619465158175912	2.9217360025762718
lose	1700	0.0	2.618136843372623	2.033444070621295
Vertretung	1650	0.0	2.617688263595433	2.177904965315018
Brünn	1750	0.0	2.6172738100341544	0.7686033397713053
alltäglich	1650	0.0	2.6170030951888705	1.882516711864912
Öffnen	1700	0.0	2.6164021417633077	1.920814648674297
Trait	1600	0.0	2.6160038828392143	1.7073374670278498
reflektierend	1700	0.0	2.6136618981861055	1.9225763473943094
Heim	1800	0.0	2.6133836869224845	2.0405047873569195
wann_es	1700	0.0	2.611786704910675	2.282305107880904
Abnutzung	1800	0.0	2.6113686992279552	0.5931560218756005
geographisch	1650	0.0	2.610701752470049	1.6612055227553728
geräuschlos	1750	0.0	2.6102836281398654	2.190935738148826
Handeln	1600	0.0	2.6086725672673543	2.250089713066091
Prämie	1700	0.0	2.608320810455311	1.765528780702817
neugierig	1650	0.0	2.606948302946269	1.9386040990038107
beweglich	1700	0.0	2.6069297584468196	1.7515559558387632
Inland	1750	0.0	2.60590762563599	2.0177952003499042
Schiel	1800	0.0	2.605828149242179	5.037076597596815
famos	1800	0.0	2.6057715987023893	1.5492402628320787
902	1650	0.0	2.6033914926746684	3.4409537381513906
Erlaß	1750	0.0	2.599987765927217	1.2478350237056857
Rudi	1700	0.0	2.599385156351853	2.036333452357082
Produkt	1700	0.0	2.5990337683771663	1.4585143869274193
Br	1650	0.0	2.598864608465786	3.446118423261978
Assemblee	1800	0.0	2.597912775945697	4.075457561899086
Generalbaß	1750	0.0	2.5975666585627732	2.745924363265751
inrational	1800	0.0	2.5960815957740033	0.5836454031003334
Boje	1650	0.0	2.594177108599103	2.6938847495813683
Regime	1750	0.0	2.5938960978576056	2.335310108367326
Einschränkung	1650	0.028	2.5936613066726295	1.521889095683216
erhaben	1600	0.0	2.5933331922456033	2.960624100615619
Atmosphäre	1650	0.0	2.5926594211831206	2.8919963853333623
Tausend	1600	0.0	2.591631484687541	2.1125257184764243
Wetterwolke	1750	0.0	2.591513546775806	2.291624466904687
Mont	1600	0.0	2.59125844765278	2.0603042160431073
Vorsicht	1600	0.0	2.5885177400943546	2.230736130761938
studieren	1600	0.0	2.588198152885613	3.2237106948239376
wohlwollend	1650	0.0	2.581667709038387	1.805927721275521
Ingenieur	1600	0.0	2.58046983174232	2.362849158692651
vereinbaren	1700	0.0	2.5800092839073425	2.1704417270447665
bisherig	1600	0.0	2.57775815802169	1.807442135999603
Pennsylvania	1700	0.0	2.5774510441156115	2.1698507950331716
Vergütung	1700	0.0	2.5752964892833248	1.2419920672832747
Tagesordnung	1800	0.0	2.575184888279214	0.8128989522512455
Ascension	1700	0.0	2.5740296954680923	2.4558866944074436
Piano	1750	0.0	2.5738568600241454	3.77930415003737
Altvater	1800	0.002	2.570196516773639	1.429985437907562
Realität	1650	0.0	2.5690800442405823	2.0132815528807217
heimisch	1750	0.0	2.568432498010358	1.4670810609147662
Matz	1800	0.0	2.56593854845923	3.5714835394862794
Abweichung	1600	0.0	2.564222871553278	2.5861431126579784
abliefern	1650	0.0	2.5632551512669477	2.3553682986637714
nervös	1800	0.0	2.5603192195246427	2.568116962503445
Gendarm	1750	0.0	2.558251721421162	1.7464863253314336
machtvoll	1750	0.0	2.557765808590454	1.7855268087075622
Liter	1750	0.0	2.5573017133946245	1.4451578675571541
geeignet	1700	0.0	2.5572181129077074	2.4826811609237898
sofort	1600	0.0	2.556709455374716	1.9207579780682869
verwaisen	1800	0.0	2.554455084890423	1.0780646222097405
Providence	1750	0.0	2.553587659424627	0.9054837988611394
Wiesbaden	1750	0.0	2.5528532922079252	0.8496995909241327
Geben	1600	0.0	2.5526164766107438	2.8901445429637116
Gesuch	1650	0.0	2.552407874470458	1.9260363762565045
Yard	1700	0.0	2.5521828106346143	3.4230861374042543
Ferden	1750	0.0	2.552004422794856	4.647631425677181
Sinnesänderung	1800	0.0	2.5494880580656893	2.006473441176128
Apotheker	1700	0.0	2.5481690510987245	3.6551755621355317
abspielen	1800	0.0	2.5475642250889394	2.95197618804469
Fortunat	1800	0.0	2.547514910765105	3.565967809858456
jenseits	1600	0.0	2.547016650215434	3.2623954057879443
jeweilig	1700	0.0	2.546485000023387	1.7128444420198263
Jsis	1650	0.0	2.5445999988575028	1.9688600095441031
Kapital	1600	0.0	2.5439562230141117	2.2149816163526417
Baro	1750	0.0	2.5401584228217438	2.8822940177002954
ermäßigen	1750	0.0	2.5372069120948675	1.6819197128237806
Meter	1750	0.0	2.5369684911398696	2.1985442864992457
y3	1750	0.0	2.5336088180239673	4.403635001528093
Hotel	1700	0.0	2.5325444292872588	2.692489441935231
vorbeugen	1600	0.0	2.5306679953899445	2.0974504876022384
Betrieb	1700	0.0	2.529408686598002	2.421921730590504
Wagner	1800	0.0	2.5292440921296473	1.4972171477411498
Berechnung	1600	0.0	2.528380446153585	2.475131808883231
absonderlich	1750	0.0	2.5277431852235743	3.6131682357928785
Verletzte	1750	0.0	2.525621983966704	2.195367171951247
darlegen	1600	0.0	2.523137924209502	2.163903871757082
1281	1650	0.0	2.521284993356769	1.6665337776028497
Abmeßung	1600	0.0	2.521220332922626	1.9321717247800703
Ausland	1650	0.0	2.521114048741695	2.141443195491778
ausnutzen	1800	0.0	2.5204909462783567	1.9924189149683493
Span	1600	0.0	2.5204391217959388	2.7669632018587342
Mohr	1750	0.0	2.518710703969778	3.2930145018854398
Volumen	1700	0.0	2.5178704397269174	2.467123704788655
einzeln	1600	0.0	2.517466180228694	2.337775490238308
wagrecht	1600	0.0	2.5169754432182714	1.508975164243177
Versetzung	1750	0.0	2.5166554081245485	3.958315053832269
chemisch	1600	0.0	2.516335095021708	2.3342702899250334
Anzug	1650	0.0	2.514906789397836	2.9322473251832157
eröffnet	1650	0.0	2.514538392645986	3.710819752025872
Abänderung	1700	0.0	2.512858322589892	2.9060830496544714
Hierarchie	1700	0.0	2.5119349407475395	1.781358284245665
Geldstrafe	1650	0.0	2.5112534835653553	1.4759227225584723
universal	1750	0.0	2.5107015623139723	1.6401366152843126
bindend	1650	0.0	2.5106935553572827	2.335537804487463
Schalttag	1800	0.0	2.509958529865562	3.0141858193567996
Fermate	1750	0.0	2.50965771336719	2.080262722151979
Else	1750	0.0	2.509601343804208	2.491616513701779
hochgelobt	1800	0.0	2.5089054440283984	1.757487523369581
Vereinbarung	1650	0.0	2.508819526426915	1.7681153177406017
oh	1800	0.035	2.5082513128555317	1.5466819762790336
vorbleichen	1800	0.0	2.5073622825790314	2.4752469249912523
indirekt	1700	0.0	2.5061450410265973	1.5237053993581515
herankommen	1700	0.0	2.505395221275957	1.2763204681589884
überweisen	1700	0.0	2.502645697885374	1.6461255904583152
Colin	1700	0.0	2.502440999683768	3.4822209534941195
Öffnung	1600	0.0	2.5012531010096035	1.7591382676058898
Zeitpunkt	1700	0.0	2.5011266310523115	2.2763523776807024
romantisch	1650	0.0	2.4981582659163073	1.9889434441099825
Ugolino	1750	0.0	2.4969607339371995	1.0191467850455513
rückwärts	1600	0.0	2.4957273057363656	2.038059706770437
Schlafzimmer	1650	0.0	2.4956807297194334	1.6606967290350851
Expreß	1800	0.0	2.4950350857967574	0.9391893026202155
Entwurf	1600	0.0	2.494547154557024	2.682041573677837
Attraktion	1650	0.0	2.494217828814742	3.9046038268294705
Besprengung	1700	0.0	2.4935845371193244	2.0761881527933124
Nachahmung	1600	0.0	2.493218129886415	1.8256924905098595
Paula	1800	0.0	2.491866065232383	1.4402106066874736
Amandus	1750	0.0	2.4898163826106883	3.034383436779645
Minister	1600	0.0	2.489056745325117	2.023190854879591
vorgegeben	1800	0.0	2.488176873364631	1.4590198724662948
Gens	1800	0.0	2.4873789701420446	2.5742132402676834
Baron	1600	0.0	2.4865147279093183	2.2323566840356763
Mahnung	1750	0.0	2.4863587175284447	1.748453782129383
Zäsur	1650	0.0	2.4859182641050985	4.2119641697772545
Minechen	1750	0.0	2.4858491675223693	1.1295460459103246
entnehmen	1750	0.0	2.4854440040339463	5.085576080239099
Bodo	1750	0.0	2.485325329185496	0.7214317503620008
Dritten	1650	0.0	2.4851194838466224	1.4632910769360028
geometrisch	1600	0.0	2.485066782359813	2.0971825029522293
massiv	1650	0.0	2.4842419298612897	2.521744492518053
Schullehrer	1800	0.0	2.4836777248434077	1.6132122418895611
begründen	1650	0.0	2.482481830631963	1.858221164400927
