FOLLOW	202001	0.0	3.166172324383884	1.324773415809155
works	202003	0.0	2.850255682672321	0.7885755205215877
FROM	202003	0.0	2.3414014249347312	0.17803967862546288
reaction	202002	0.0	2.2754259946808224	2.143295668646217
GameStop	201911	0.0	2.2155353846807953	0.6943947036585153
milk	201908	0.0	2.0989708781348533	0.06128389387194197
Enjoying	202003	0.0	2.080179432268123	0.10680889901962065
8k	202003	0.0	2.0762378519051854	0.949248886167072
Keyboard	202001	0.0	2.0663959006652983	0.1141843921683071
raerREE	202003	0.0	2.0156948583581427	0.058822292844322714
minor	202003	0.0	1.9815382344445411	0.36321220532226417
Limmp	201909	0.0	1.9066528104453102	0.0068918891402289404
CHANNEL	201910	0.0	1.8969799707451362	0.15031308111341615
somewhere	202003	0.0	1.872576134640841	1.1052373172626766
kappa	202001	0.0	1.8628780373066403	1.165825431185529
Down	202003	0.0	1.8433621102525906	0.2291019012198622
NOOOO	202003	0.0	1.8335909735762517	0.8020835376995894
managed	202003	0.0	1.81368170525556	1.1646733286392856
chaos	202002	0.0	1.8103703831676847	1.0216281826271345
brought	201912	0.0	1.8095094097829114	0.45470655018150474
hola	202002	0.0	1.7882766650549728	1.4172093140475186
persona	201909	0.0	1.7751011471562468	0.9484045945879076
dota2	202003	0.0	1.7571041226302715	0.6486512988685744
none	202003	0.0	1.7544870100476901	0.1997069548219912
info	201912	0.0	1.7080599109723917	0.2907640590174272
4House	202003	0.0	1.68940988774153	1.3709290955200166
EHEHE	202001	0.0	1.6849025006641403	1.2130685610011878
sniff	202003	0.0	1.667434589245075	1.0910123613888947
Pudge	202003	0.0	1.630697818753123	0.931608699232217
flip	201907	0.0	1.6304345247262066	0.2665627512273523
Great	201912	0.0	1.628813016551458	0.5602663602106741
along	202002	0.0	1.588811898232568	0.330386975550088
immortal	202002	0.0	1.5881124527406674	0.22342189723811523
DING	202002	0.0	1.5735798269343406	2.0298545706556874
Die	202002	0.0	1.5721622792248646	0.2850147952180989
LS	202003	0.0	1.5702450949980908	0.4683225921093322
pm	202001	0.0	1.5687519218933503	0.5343523803396081
candy	202001	0.0	1.5593524530825018	0.6632922686764847
Sounds	201907	0.0	1.5428254898038436	0.07810838427861375
ARCANA	202003	0.0	1.5368593782008182	1.7631152563012988
HON	202003	0.0	1.528949846911111	0.6422627726583237
royal	201907	0.0	1.4988994088418295	0.10849586270010136
drops	202003	0.0	1.4850878983556686	0.7411078786299256
yung	202003	0.0	1.476196213896238	0.2194873808140379
whispers	202003	0.0	1.4576663450838505	0.25320488351145193
Live	202002	0.0	1.4531396383693758	0.340601768804102
lool	201912	0.0	1.4387956289075996	1.2688955424668047
MOVE	202003	0.0	1.4366892577923762	0.7185650082853756
refunds	202001	0.0	1.4320372614777186	1.1477372240217405
Enter	201909	0.0	1.4311343078846464	0.24223235194917014
Eu	202002	0.0	1.4289336360989844	0.5488303709499789
PM	202003	0.0	1.4135987471556826	1.0376349188689622
um	202003	0.0	1.410610366288832	1.0264163688474344
lvls	201909	0.0	1.40255336279058	0.7028667027425243
bulldogs	202003	0.0	1.4018534485650738	0.07832219760197172
regular	202003	0.0	1.3826977861734389	0.3106151636790085
okay	202002	0.0	1.3733305561456262	0.09377443212034153
bubuAhegao	201908	0.0	1.3722226507286874	0.03345601059862645
bow	202002	0.0	1.3693669643344217	1.5751937340667055
FEELS	202003	0.0	1.369066590324937	0.3726069074493309
stout	201912	0.0	1.3628510069164799	0.7065455543086173
official	202003	0.0	1.3598320326022635	0.2594554484588841
2019	202003	0.0	1.3586444940460953	1.1594669005159517
oo	202003	0.0	1.3566694166632645	0.7274745466381971
BETTOR	202003	0.0	1.355807228034915	0.3187461406386574
Gift	201906	0.0	1.3423444688023434	0.11591695696327307
Star	201912	0.0	1.3335940355203044	0.2144585970573458
Ill	201908	0.0	1.3239934439529504	0.2109523969162333
skiter	202003	0.0	1.3192303696527843	0.7268753348866885
pepeDance	201912	0.0	1.3166553467156987	0.8598669140142994
Pussy	202003	0.0	1.3038525781217847	0.4592826803631471
‚úÖ	202002	0.0	1.2986140992200195	0.35032332077233
GOAT	202003	0.0	1.2969602585428726	0.36449708454998087
instantly	202003	0.0	1.2939452294644906	0.2376548097082978
forest	202003	0.0	1.2929338834066681	0.6494480251613515
captains	202003	0.0	1.2869046964552915	0.9699658391982187
DROP	202003	0.0	1.2839062359689586	0.2681619538199243
problems	202003	0.0	1.2824466849986191	0.13900399918183204
square	201906	0.0	1.280508519509227	0.44418947499424016
traitor	202003	0.0	1.2780550449904848	0.4102266444655674
schedule	202002	0.0	1.2771897807549302	0.2909818343300467
interview	202003	0.0	1.252641412736567	0.017612803769547693
mass	202003	0.0	1.250877110532221	0.8575497137385947
inventory	202003	0.0	1.2452970294505474	0.15964898242087497
upcoming	201909	0.0	1.242678753835294	0.5952312078275663
user	201907	0.0	1.2350511255722072	0.1238433020014959
crazy	202003	0.0	1.232924051294837	0.10240425576870062
exact	202003	0.0	1.2279030448914003	0.9937174801404972
activate	202003	0.0	1.2274603918748672	0.8453274955300619
access	202003	0.0	1.2156976376307895	0.11821093752069721
could've	202003	0.0	1.211567554565338	0.07632727774161557
TINY	202003	0.0	1.2107222622725906	0.7983622625704972
PAPA	202002	0.0	1.209343461434738	1.8481681824773974
ohhh	201907	0.0	1.2024524335424838	0.2676151793076817
rewards	202002	0.0	1.1959143286002658	1.1376597810730913
Arcana	201908	0.0	1.1939244375781453	0.7073753348111002
Looking	201906	0.0	1.1877597668622646	0.20723827591870952
bubuZ	202003	0.0	1.185101643854003	1.6602430610680237
objective	202003	0.0	1.1847797841182006	0.4306230674960989
PERFECT	202002	0.0	1.182725600131267	0.5132693176109007
IMMORTAL	202003	0.0	1.1802218124760024	1.1820081613124356
UNKILLABLE	202003	0.0	1.1773923285130683	0.11064606160948041
poof	202003	0.0	1.1725856719952399	1.1733630487133495
DP	201907	0.0	1.1725554211817317	0.025609759776552315
pineapple	202003	0.0	1.172507963054189	0.1807108386090679
berry	201906	0.0	1.1716631905134065	0.4698451570602732
STREAK	202003	0.0	1.1715280524000309	0.2948041131536893
thingy	202003	0.0	1.1696398675321107	0.7874870061579494
Help	201907	0.0	1.1692584988676757	0.3973139061697623
Now	202003	0.0	1.1687032009866447	1.195099075605849
Guys	202003	0.0	1.1622008602592568	1.8495576447455138
users	202002	0.0	1.1603706461851462	1.5649650532119654
tested	202003	0.0	1.1592555058551415	0.10110006196418932
help	201907	0.0	1.1562596616171699	0.4178302727488118
üí§	201906	0.0	1.1532036439500841	0.6512750784336339
wheel	201908	0.0	1.1467055311025054	0.12985472500824513
OkayChamp	202002	0.0	1.1447376932643287	2.1957343231476303
3RD	202003	0.0	1.143489314665581	0.8094667646147617
Final	201911	0.0	1.1429233222868007	0.20939195295479976
Hahahaha	201908	0.0	1.1410491662166935	0.11806413928902505
summer	202003	0.0	1.1332046629842814	0.18229049506834022
entered	202003	0.0	1.1298264212613276	0.9666251072190677
Slow	202001	0.0	1.1295885088553383	0.28994927420562105
POV	202003	0.0	1.1281552358113487	0.2770979347481194
BLUE	202003	0.0	1.1241696919513748	1.3638774355064849
Subs	201911	0.0	1.1202231291781124	0.38449966455285034
again	202003	0.0	1.119393581813906	0.030291443822571845
lay	202002	0.0	1.1190491926082113	0.7577943215542986
Thx	201906	0.0	1.1115222256205648	0.5416126895551673
donations	202003	0.0	1.110740408246079	0.23003980787159028
üò¥	201906	0.0	1.1085203074294214	0.32584335058206504
ure	202003	0.0	1.1079054639927677	0.9152621290717239
expect	202003	0.0	1.1063350432706773	0.43291552381326703
wex	202003	0.0	1.1057375943107233	0.9367376391129344
cancelled	201906	0.0	1.1055908430114842	0.11734850787319279
forsen2	202003	0.0	1.103386495113665	0.21448053665091493
Visit	201909	0.0	1.1022094799076707	0.19377545357097328
Thanks	202001	0.0	1.1015726057881263	0.18596025781175915
hmmm	201906	0.0	1.0966851449372808	0.38479746573069246
scam	201912	0.0	1.0937924522845912	0.05169799152465336
SOLD	201906	0.0	1.0934799000344055	0.3825915431383917
finding	202001	0.0	1.0892942611543104	0.6012289224314521
rid	202003	0.0	1.0834529590063497	0.4903871967427779
midnight	202002	0.0	1.0826900689086258	0.17297217862068012
helm	202003	0.0	1.080297124581113	0.2817359624686408
global	201907	0.0	1.0764602587891283	0.00809110920928402
date	202003	0.0	1.0728070858407366	0.03639576983141633
ayayaJAM	202003	0.0	1.071566940348809	1.0638339926136415
sticks	202003	0.0	1.070553016707994	0.25098669634076776
office	202003	0.0	1.0676256389781327	0.24637970990438054
NOOBS	202001	0.0	1.0644614747448025	0.8434899491977591
cleaning	202001	0.0	1.0640023691660794	0.1870155537216041
fucken	201906	0.0	1.0620410091997012	0.48882154531061184
üìù	202003	0.0	1.058297543770878	1.0960573748347309
vagina	201912	0.0	1.0535550226976502	0.4438571475526801
Come	201909	0.0	1.0532006759443775	0.1922394014161794
YOURSELF	202003	0.0	1.0516664264634126	1.3054952182423716
choice	202003	0.0	1.0503155422913018	0.7116115307038829
pepegas	201907	0.0	1.0501136465330672	1.1844743629399064
fall	202003	0.0	1.047511865720438	0.8832900662844024
tournaments	202002	0.0	1.0467671961089926	0.423531345079535
At	202002	0.0	1.0417088975942985	0.07887164778124647
perhaps	202003	0.0	1.0416989118336981	1.1869184325915856
taxes	202003	0.0	1.0409341721568142	0.030502524554684215
yess	202003	0.0	1.0389172312771375	0.44886959418104144
tag	202003	0.0	1.0355357676744017	1.3571341189153525
shitty	201910	0.0	1.0336004691970455	0.384393710389682
rare	202003	0.0	1.0332869569046248	0.32013839971593455
forev	202003	0.0	1.0290236192596178	0.34255457563412955
impressive	202001	0.0	1.0276456375881846	1.3402173635200387
SPEECH	202003	0.0	1.0251602271611175	0.3571662829146795
Official	201909	0.0	1.0243712015964803	0.22044508018634867
BasedGod	202001	0.0	1.0240602259963643	0.5147569383418815
monday	202003	0.0	1.0231408089535659	0.39212267775220405
FY	201908	0.0	1.0187014340091678	0.10409150734576572
ABANDON	202002	0.0	1.0177634527689898	0.21632880516729908
becoming	202003	0.0	1.0153853849824102	0.9124097799629505
For	202002	0.0	1.0137197760813574	0.9781167093324203
Wut	201906	0.0	1.0110235610348806	0.7332534542968738
quest	201912	0.0	1.0092170063923431	0.5987153778527411
Was	202002	0.0	1.0081920004825426	0.5058716241641604
rating	202001	0.0	1.002459678740566	0.7709347667415519
Yep	201906	0.0	0.9993793216562263	1.3218816314859052
Glap	202003	0.0	0.9967011994979111	0.5409541384036587
T1	201906	0.0	0.9959904393682506	0.3982038318244401
puddle	202003	0.0	0.9933458508803232	0.8257581502701276
IDK	202002	0.0	0.9933313539721658	1.3934258719641561
cousin	202003	0.0	0.9918110054540297	0.8074083825735091
GROW	202002	0.0	0.9915379266671013	1.2232215206061297
nepSmug	202002	0.0	0.9901587816954465	0.4770446684171307
tax	202003	0.0	0.9872840013700582	0.3506986589137462
Dance	202002	0.0	0.9866198237952024	1.2431164344862058
merch	202001	0.0	0.9831045817034919	0.8677300360501148
CALLING	202003	0.0	0.9808839032679473	1.626698699755447
wonder	202001	0.0	0.979810687979265	0.21659486369307665
‚¨õ	201909	0.0	0.9779705315193472	0.6151649345650787
ow	201906	0.0	0.9730322270504117	0.8083747193312067
zone	201908	0.0	0.9662843817692978	0.8721544223192566
nooo	202003	0.0	0.9643229065488924	0.42700802253937703
pepeSmoke	202002	0.0	0.9610026213190981	1.4951513899822126
pepeMeltdown	202003	0.0	0.9601227466811408	0.03994091441497684
That's	202003	0.0	0.9522112766569463	0.4680034417213453
Hero	202003	0.0	0.9501691099366152	0.45649793227315477
checks	202003	0.0	0.947570473924036	0.38332304853876126
gang	202003	0.0	0.9458762130637757	1.0551185197705182
admiral	201911	0.0	0.9444381951140532	0.8128701612407528
admiralKristin	202003	0.0	0.9440723137799973	0.4234805829845449
ahhh	202001	0.0	0.9356446495612392	1.3953094592504967
mechanical	202003	0.0	0.9323114664685148	0.11536755589400703
Look	202003	0.0	0.9317893551637755	0.25242517244108914
TINKER	201907	0.0	0.9239668528952236	0.7568491130804239
LP	202002	0.0	0.9230036338606527	1.561288310919751
Some	202003	0.0	0.9227278164744213	0.9687490208601591
typed	202003	0.0	0.90863096204765	0.438286585710231
DR	202002	0.0	0.9060889111222052	1.366025404271701
tweet	202003	0.0	0.9039233658599878	0.4910160701657924
ROONS	202003	0.0	0.8990754021735194	0.3225499625900027
mainly	202003	0.0	0.8982403570912081	0.1695049350366317
ability	202003	0.0	0.8964040250683554	0.05712077060289401
singsingFcuk	202002	0.0	0.8903719375287443	0.05397534595970541
aha	201911	0.0	0.8903547908676931	0.382858734682485
GREEDY	202003	0.0	0.8880825579791245	0.16932650513671973
RAVAGE	202002	0.0	0.8864450569474855	0.17108994580227985
WARDEN	201908	0.0	0.8725202784767191	0.05646626465767378
step	202003	0.0	0.8675873129616403	0.4878933169818947
fellow	201906	0.0	0.8667729226992382	0.06286438339637708
GEBAK	201908	0.0	0.864762509892146	0.9319086905490727
app	201909	0.0	0.8635750271826963	0.2748957839559983
Chaos	202002	0.0	0.862299121820691	0.029564647243550946
Reddit	202002	0.0	0.8607864720208167	0.3550673251803394
sign	201906	0.0	0.8600456456168543	0.5690999544683221
ame	201912	0.0	0.8600410574009012	0.0013455640637699568
ODPixel	202003	0.0	0.8582890418928928	1.0333574299152732
posts	201909	0.0	0.8576200081256642	0.3049184780319998
BloodTrail	201907	0.0	0.8544862022038671	0.1392218875767668
accepted	202002	0.0	0.8514985407166683	0.9757004982661045
khezuWoo	202003	0.0	0.8509785186529012	0.9196417093598985
Much	201907	0.0	0.8508076640293931	0.6857719619087509
FIRED	202003	0.0	0.8480335297527373	0.21815697436959108
NG	202003	0.0	0.8473011540069051	0.7517704447622947
Calm	201906	0.0	0.8444275299500048	0.3981943662800105
hardcore	202003	0.0	0.8407294926960647	0.8597754887787339
ricardoFlick	202003	0.0	0.8396110751111262	0.9847270045134887
Wanna	201909	0.0	0.8346030577264862	0.2520482483599647
pepeGun	201907	0.0	0.831693396895471	0.534255721591554
normie	202003	0.0	0.8303284861501898	0.5012599238655073
Yawar	201912	0.0	0.8291746240199059	0.8416198949552106
Sleep	202003	0.0	0.8288996828139479	0.16158595855084731
AUTO	201906	0.0	0.8284146720310587	0.9141627707266081
Omni	202003	0.0	0.8249737824769019	0.1864953244236114
Hit	201912	0.0	0.8249401849845306	1.4065288495198618
DIDN'T	202003	0.0	0.8193235556404292	0.24806674621321328
nudes	202003	0.0	0.8173650776442876	0.06538694960010508
mirror	201906	0.0	0.8167518335202317	0.5455048312765642
enjoying	201908	0.0	0.8129479468532486	0.25969412563146577
leaves	202003	0.0	0.8089569836947044	0.334671928947554
quote	202003	0.0	0.8064836963133863	0.6144900207757608
Close	201906	0.0	0.8059825427281839	0.04884726431681675
fruit	202003	0.0	0.7997205367261214	0.7901066606034356
snap	201908	0.0	0.7996948416850531	0.3105562414937631
requests	201909	0.0	0.7979027202700781	0.10456762368744013
blackhole	202003	0.0	0.797292863349329	0.6569301243148772
ü§£	202003	0.0	0.7960970693600271	1.473467194561833
whenever	202003	0.0	0.7921220956262032	0.15828822449860805
maximum	201907	0.0	0.7903435078962473	0.020987020779917567
2B	201909	0.0	0.7887810105115594	0.5743366592709734
exciting	202002	0.0	0.7876740727134377	0.25661696633350334
COMES	202003	0.0	0.7852040837036172	0.5532400487285261
effort	201907	0.0	0.7841508298369728	0.019320469429895546
Find	201906	0.0	0.7836758630841292	0.39278413152819486
bu	202003	0.0	0.7805126641986865	0.31413202620369124
Rage	201906	0.0	0.780008072315537	0.08446971392697601
CHILD	201907	0.0	0.7790313797376562	0.08403069026785775
ANAL	202001	0.0	0.7784458216848755	2.0537224226628368
FORTNITE	202002	0.0	0.778390498098594	0.588530392225436
‚†Ä‚†Ä	202003	0.0	0.7768174983046	0.9544405984223719
Road	202003	0.0	0.773903443144302	0.029144525857673687
ink	201907	0.0	0.7737103677063322	0.6821018926369865
FLAMING	202003	0.0	0.7735662584927665	0.9891019860929028
bleedPurple	202003	0.0	0.7727563015637076	0.5160036140874871
cuties	202001	0.0	0.7711360942161658	0.36663210376159044
lasts	202003	0.0	0.770646871005567	0.02664328816277349
smurfing	202003	0.0	0.7689499228016559	0.2287231975534253
Ã∂Õû	201908	0.0	0.7647095276380951	0.8824695291631739
JOKE	201907	0.0	0.7640207981934348	0.29642841671259246
üëã	202002	0.0	0.7635806676051715	0.40652019149021756
asd	201906	0.0	0.7629761348747008	0.5613598435661995
MEN	201907	0.0	0.7619457021207274	0.7790279684520334
9K	202002	0.0	0.7568598933874465	1.2719452419133324
advice	202003	0.0	0.7565247076923826	0.2160463969839054
CHAN	202003	0.0	0.755120240565732	0.7732004275867752
grills	202003	0.0	0.7524368594037154	0.26365498929908054
rated	202002	0.0	0.7511009402763722	0.2807934275174122
shrine	202001	0.0	0.7495012531978855	0.2478173143122389
lovely	202003	0.0	0.7436564486945678	1.4442177972962356
duh	202002	0.0	0.7416158147956424	1.4916762493605376
2020	201906	0.0	0.741357149945675	0.9240569690967744
normiesOUT	202003	0.0	0.7406855789784307	0.2638281306839178
FBBlock	202002	0.0	0.7387934333331466	0.050904797439181776
BigPhish	201906	0.0	0.7344258645107894	0.5753668209910138
wemen	202003	0.0	0.7298928624632693	0.307932966794378
FART	201907	0.0	0.7292909096262512	1.0991741980933027
GYRO	202003	0.0	0.7286712919350353	0.9268573133407464
SK	202001	0.0	0.7257570179735243	0.6340185731413868
note	202003	0.0	0.7236658878653264	1.850801595465261
further	202003	0.0	0.7220675844017955	1.1901917934873936
VOLUME	202003	0.0	0.7202627905318453	1.1078240909405244
Every	202003	0.0	0.7153552679737043	1.566481367760409
unlimited	202003	0.0	0.7110311267501108	1.7091878082135965
SPOILERS	202003	0.0	0.7103496836378247	0.8626032347956379
admiralbulldog	201909	0.0	0.7090035836393805	0.646491649429567
YEAH	202003	0.0	0.7088501749475156	0.04376566049118293
queues	202003	0.0	0.708644485163316	0.45324365601870337
LEGENDS	202001	0.0	0.7058861661636258	0.056285274144966334
FEET	202003	0.0	0.7041522107494516	0.6706066841689554
Tanner	202001	0.0	0.7025865989718547	0.19150021404931294
MISSED	202003	0.0	0.698242008172729	0.1820633188555657
cock	201912	0.0	0.6966352689849323	0.15848790364671678
EXPERIENCE	201912	0.0	0.694128114852826	0.2509109407474552
DIG	201906	0.0	0.6877702646973718	0.8753808576079216
THREE	202003	0.0	0.6857357404067008	0.34317241215611854
mageW	202002	0.0	0.6817872652605036	0.31591308661341494
warrior	202003	0.0	0.6773114897674348	0.8642819934287016
clicking	201906	0.0	0.6753069079235072	0.18539810973821508
ATERS	202003	0.0	0.6729784289290532	0.991834308903024
Hold	202002	0.0	0.6723898058087132	0.3613285499676668
neutral	201909	0.0	0.6719662275418375	0.7992097790051154
shroud	202001	0.0	0.6706447589893081	0.4441322204087737
monitors	202002	0.0	0.6689158884416827	0.2145053631919723
intro	202003	0.0	0.6567128780576167	0.4345809461909249
chop	201907	0.0	0.655226218178163	0.7603160544790816
rules	201906	0.0	0.6547673097103399	0.09703950618923401
injoker	201906	0.0	0.6538672716953311	0.1851722888925382
loli	202003	0.0	0.6514729462229679	0.6326923998566013
nova	202003	0.0	0.6500150562403446	1.6479564609368422
UK	201906	0.0	0.6499779104150766	0.024101626736655238
natural	201907	0.0	0.6491274267104266	0.031444495082723664
ASK	202003	0.0	0.6473342211221447	0.0754443256595769
exclusive	202003	0.0	0.6467946370109028	0.35399432354704313
PepoDance	202001	0.0	0.6410309442709767	1.2069328881387917
Love	202003	0.0	0.6408810713365696	0.3357179052551566
crusader	202002	0.0	0.6407248453488804	0.02991368894179832
SWEDISH	201912	0.0	0.6399931645506503	0.0989519872416099
admiralSkadoosh	201906	0.0	0.6388126028590893	0.5233412589947262
failed	201906	0.0	0.6384080529946325	0.1235141832185303
WORKING	202003	0.0	0.6313636174227569	0.42455438148014923
CUMMING	201908	0.0	0.631275513591777	0.027943232383209594
VVKool	201907	0.0	0.6302773066011393	0.09862520225293682
paypal	201906	0.0	0.6300581504266408	0.2146962234487888
nazi	202002	0.0	0.6273294203850239	0.3354510891548322
hoe	202002	0.0	0.6222613321386717	0.9092483287920854
forever	201908	0.0	0.6156790044707264	0.1603088282267675
tanking	201906	0.0	0.6149411097768445	0.2492098521400556
WATER	201907	0.0	0.6118153859147346	0.22152298222576858
autistic	202001	0.0	0.607794480173012	0.17801474551819638
phantom	202003	0.0	0.6077180048782838	0.4645477420231788
TOS	201911	0.0	0.6077073189415134	0.6306148452241325
muh	202002	0.0	0.6052456104206216	1.1265240084309298
necessary	202003	0.0	0.6048438978109907	0.2062585052578058
By	201907	0.0	0.6006077285032086	0.05091543020818405
V1	202003	0.0	0.5963424495808536	0.2444050243625711
ASIAN	202003	0.0	0.587674619024902	0.38171074124728854
sunday	201906	0.0	0.5873299116386268	0.03281082909228148
treasure	202002	0.0	0.5871847785896962	0.8041900180597956
afternoon	202003	0.0	0.5820380259122887	0.16617087118518356
GIVING	201909	0.0	0.580290435199484	0.0646548463012126
ana	202003	0.0	0.5795560074312603	0.036070641122040635
rule	202003	0.0	0.5760112629764083	0.3453057531501693
ABAD	201908	0.0	0.5736480441850368	0.06198772081725741
soy	202003	0.0	0.5720807713663423	0.36688174497779935
MALE	201906	0.0	0.5707564868141308	0.2909384793877094
VERY	201908	0.0	0.5663886438034206	0.32710119878161464
BANG	201906	0.0	0.56631705074887	0.9133996675495004
hurricane	202002	0.0	0.5649765437961858	0.17776664131132738
MAGNUS	202003	0.0	0.5592843748236476	0.8944605597993819
CrreamAwk	201906	0.0	0.5592274569233772	0.15295067417386013
saves	202003	0.0	0.5565923370855118	0.522929729351854
meow	202003	0.0	0.5557462203640613	1.9387914494074237
EGG	202003	0.0	0.5482388903840016	0.8124869665932978
TheRinger	202003	0.0	0.5480842513611979	0.6237502106715794
chest	201906	0.0	0.5467191686081738	0.23352995242236746
received	201909	0.0	0.5440838985604026	0.8944562872071131
LET'S	202002	0.0	0.5436430854106046	0.3011954702840002
commit	201906	0.0	0.5434205233215204	1.1815569636484795
CANCEL	201906	0.0	0.5434003916985654	0.24073368247348115
rot	202002	0.0	0.5398246481312996	0.797898472010883
MAMA	201911	0.0	0.5384483640741788	1.0037835716055092
Clinkz	201906	0.0	0.5332726102789009	0.291179174660347
facing	201906	0.0	0.5299960885255861	0.316417922031268
AdmiralBulldog	202003	0.0	0.5290006067980202	1.7239367869506508
REGEN	202003	0.0	0.5278335484463301	0.3470042862309036
airport	202001	0.0	0.5241664069736596	0.4205549927468274
O_o	202003	0.0	0.5204828302638935	0.9742920744647702
signed	202003	0.0	0.518500261141495	0.7036828969297012
forsen4	202003	0.0	0.5098969514655186	0.2130034313970044
shall	202002	0.0	0.5093373317197445	0.9086074160185794
interaction	202003	0.0	0.5086413881093614	0.5821932891499396
May	201906	0.0	0.506878957802003	0.6458118817070337
üí¶	202002	0.0	0.5066622389871956	0.18728335116884662
tour	201912	0.0	0.5045213661338797	0.3530182657887667
LONGER	202003	0.0	0.5005313007861523	0.4091620433874843
reference	202003	0.0	0.49275863708082357	0.7757915700379454
mek	201907	0.0	0.492498392613841	0.4613025716629222
triggers	202003	0.0	0.4911901755241612	0.9221723787908667
üëç	202003	0.0	0.48620038024783896	0.590907842251311
HOOK	202003	0.0	0.47958546072484687	0.40483971702337934
10h	201906	0.0	0.47881438388555597	0.01837181717528888
chilling	201906	0.0	0.47531285488070985	0.38911375399057635
MO	201906	0.0	0.46295208453944037	0.8939806524120266
frogs	201907	0.0	0.4619742258232294	0.3820255996492055
weather	202003	0.0	0.457283445848621	0.3530750416657956
forsenW	202002	0.0	0.4533276794971792	0.5512549145767303
FUN	202002	0.0	0.45297654314196656	0.21331589018978844
x2	201906	0.0	0.45062670994896026	0.6026426887452416
aussie	201907	0.0	0.4324696672807011	0.10050571496263122
unbanned	202003	0.0	0.424196263919133	0.5634650477223224
steps	202003	0.0	0.42160882682096235	0.14162020459574767
bloody	201906	0.0	0.419749948397272	0.9941279154377207
LEVEL	201906	0.0	0.41053576721575336	0.03830264782227579
tomato	201906	0.0	0.40604205432984597	0.1472240197939703
ape	202003	0.0	0.39443670618459903	1.1015079943932533
West	202002	0.0	0.37421056828579635	0.2688294909519557
john	202002	0.0	0.3654177235084438	1.1940244602997516
critical	201906	0.0	0.3638764030482169	0.4044734027883974
Madara	201907	0.0	0.353532357354045	1.2073011962267262
slapped	202003	0.0	0.3511050188489463	1.0274697030890538
DA	201908	0.0	0.3501188435549668	0.13834769194409238
TEETH	202003	0.0	0.34936512230125083	0.8157297460758476
consistent	201909	0.0	0.3329371962858985	0.0627196731373193
wierd	201906	0.0	0.3270158916352296	0.39273139492351583
6th	201906	0.0	0.3177288196420571	0.8101330568940521
exort	201912	0.0	0.3125230251080541	1.0163230425073644
3000	201907	0.0	0.2952814849033448	0.4805796325183841
GOOGLED	202003	0.0	0.2801146366857623	0.824868989931262
australia	202003	0.0	0.2253795259804927	0.43534088281361705
qualifier	202003	0.001	1.8169290068383768	1.0923271322235555
discount	202003	0.001	1.5715929580364538	0.23003796838808602
With	201911	0.001	1.5114178526931226	0.7523063694662409
blessing	201906	0.001	1.4261251602921283	1.5668596122377112
giveaway	201909	0.001	1.4249921741682725	0.791935629495207
bank	202003	0.001	1.4147134201107803	0.9682178699983077
Daddy	202003	0.001	1.4030277817784464	0.7125432290987842
site	202002	0.001	1.3309891159303484	0.8078512525311994
immortals	202001	0.001	1.2593485845439378	0.4382039949213713
Double	201910	0.001	1.1732164531311893	0.7871511196279348
Ace	201909	0.001	1.152266940551172	0.8599812517047456
w/e	202003	0.001	1.0391363008967893	0.7869512565873374
ramzes	202002	0.001	1.026266886663828	0.9296070885364106
CALM	201909	0.001	1.016144530119299	0.178025056189852
EVIL	201908	0.001	0.943185114797171	0.018589322039237993
social	202003	0.001	0.9280113987515902	0.8830585212983053
letter	201907	0.001	0.9212161070278868	0.2033782464140581
PRChase	202001	0.001	0.9119184358565131	0.9572241301684714
FeelsStrongMan	202003	0.001	0.9078022534878172	1.8444241061560358
YT	201911	0.001	0.8984356288919833	0.20499825892079268
Solo	201912	0.001	0.8972666534893226	0.5987007032774992
partner	202001	0.001	0.8551047059232164	0.41117309260230406
jebait	202003	0.001	0.8395371973272769	1.4260593358840588
feelings	201909	0.001	0.8068592373588781	0.46036032662953214
SVEN	202003	0.001	0.7960392706428985	0.1999219444565501
goat	201912	0.001	0.7745316322031528	0.909880661595791
PROPHET	201906	0.001	0.7595462468410714	0.06456637843285595
aba	202003	0.001	0.7558909161241749	0.12864954653642427
You've	201908	0.001	0.7359148484603035	0.20017073638987617
Gay	201906	0.001	0.7233791241124957	0.22041206006361627
TIDE	202003	0.001	0.7224420373820946	0.8571287019515601
RELAX	202001	0.001	0.6976654588927595	0.5102081452877516
cape	201909	0.001	0.6756329690401941	0.4307710283611516
BREAK	201910	0.001	0.6733139746311911	0.277765032202947
TREANT	201912	0.001	0.643419710089617	0.42950285073870526
cops	202003	0.001	0.6178914841829418	0.6050405940144427
ti8	202003	0.001	0.5577457334812236	0.13070884831942908
describe	202003	0.001	0.5365519999905308	0.6700313857030021
admiralROON	202003	0.001	0.4737904966895765	1.0104183808109959
‚Äî‚Äî‚Äî‚Äî‚Äî‚Äî‚Äî‚Äî‚Äî‚Äî‚Äî‚Äî‚Äî‚Äî‚Äî‚Äî‚Äî‚Äî‚Äî‚Äî‚Äî‚Äî‚Äî‚Äî	201911	0.002	3.359718799275572	2.327482359727247
arcana	201909	0.002	1.8594317259186552	0.025117964238244223
sleeping	202002	0.002	1.3227154883051135	0.8055051738485499
1m	201911	0.002	1.30168123103757	0.177387401645518
skins	201910	0.002	1.279853999519573	0.478431340000488
forsenHead	202003	0.002	1.2524725148070852	1.4728383211388183
‚ôø	202003	0.002	1.2254592621361573	1.2725930666082153
cool	201911	0.002	1.1914714803751814	0.6189151390402869
empty	201906	0.002	1.0368696654319352	0.11346988835812376
‚ù§Ô∏è	201907	0.002	1.0124801206931302	0.8008876873652284
Test	202003	0.002	1.0053781748375794	0.014529829416429305
baka	201908	0.002	0.9616805758080266	0.20481800385813356
announcer	201908	0.002	0.9456069238723195	0.4647644511720342
DOWN	201911	0.002	0.8651805718292851	0.2345469172849467
EYE	201909	0.002	0.8254096279845164	0.19175504439496724
bubuHallu	201909	0.002	0.8181644503775647	0.14296870206519172
Omg	201912	0.002	0.7919211577857213	0.7535659214705326
TONY	201907	0.002	0.7887008144092859	0.12380899596070455
üî®	201906	0.002	0.7336504196755309	0.35598975736961264
fcking	201907	0.002	0.6972146196136837	0.0728369902738583
train	202003	0.002	0.6923192128957842	1.3759550243244962
Long	202003	0.002	0.6894764114317519	1.0776866830132517
ranger	202003	0.002	0.6660438124793921	0.8011750627839292
ORA	201909	0.002	0.613184452408359	1.2697714193044591
pidas	202001	0.002	0.600743586690627	0.2748584037791853
Open	201909	0.002	0.5844915703392828	0.716373228280963
GREAT	202003	0.002	0.5806825454180705	0.2041076891704647
what‚Äôs	202003	0.002	0.5695167370354688	1.09221331418173
plastic	201912	0.002	0.5694013075470674	0.13113635883399175
someone's	202003	0.002	0.5515798158022133	0.3038975998569356
admiralKek	201910	0.002	0.5126928249954799	0.4275437470149479
weekend	201906	0.002	0.49025952516123444	0.12009171279692436
smack	202001	0.002	0.4853701679584963	1.289343673115903
DYING	202002	0.002	0.3867592580248179	0.22789995409222127
rooting	201907	0.002	0.2664963878108366	0.867668684020695
reading	202003	0.003	1.7941747314587446	0.9800105688085988
automatically	202003	0.003	1.6922275196111956	0.5426335868430364
üí∞	202003	0.003	1.4022690317615154	1.4243120564904619
open	201910	0.003	1.305872633958615	0.6091158713020103
tnx	201909	0.003	1.289539059785146	0.630085521034626
risk	201906	0.003	1.2478351812156858	0.3031472287410109
care	202003	0.003	1.247624415104275	0.03725204940264343
plane	201906	0.003	1.1886818381432407	0.5927000358024002
LesbianPride	202003	0.003	1.020932723741513	1.2891040406069005
swear	202003	0.003	0.9881286947569475	0.7778402947908009
mentally	201912	0.003	0.9581034668822704	0.39759543263779307
Most	201911	0.003	0.945924127994796	1.058390224009902
permanently	202003	0.003	0.9274308577701388	0.5054567054804474
LOSER	201906	0.003	0.9085410966811209	0.057911199218446396
Congrats	202002	0.003	0.8995932569618184	0.7778487113827118
ew	201907	0.003	0.8707562845550113	0.28719061243897365
99	201908	0.003	0.8076744370294721	0.5718418326127676
You're	201906	0.003	0.8070914074386523	0.29109353402026994
midlaner	202003	0.003	0.800316831541895	0.4790417223594569
PunchTrees	202003	0.003	0.774182461760397	1.6384552987019672
TaxiBro	201912	0.003	0.7414417783583602	0.29668583245193725
PUDDLE	201912	0.003	0.7218875581664517	0.6481041748727415
STACK	201907	0.003	0.650782571250491	0.34671407588597486
admiralS	201906	0.003	0.6456794780552508	0.516359293127391
7h	201911	0.003	0.602443941762691	0.14652288166416683
clipped	201906	0.003	0.5087245497637474	0.15271944444565205
singsingWave	202002	0.003	0.4897699041733001	0.12494098566968188
cheers	201906	0.003	0.3549098896679683	0.11566003504304188
thrown	201909	0.004	1.9070836459688185	0.9024139032585923
levels	201909	0.004	1.7342194916279512	0.12740907099689422
service	201906	0.004	1.5931774560749308	0.4019911764467954
Lmao	201912	0.004	1.390657638933878	0.3359533652908288
sponsor	201911	0.004	1.2823810604389536	0.7941448085443216
dollars	202001	0.004	1.0908067124565615	0.38472656212975914
‚úåÔ∏è	201907	0.004	1.0786687809480828	0.08804901099318171
GIGA	201906	0.004	1.0506769167881644	0.18157042386698136
trent	201907	0.004	1.0336252743628003	1.3012751469526223
Get	201912	0.004	1.0106987419324218	0.05909257986796282
French	202003	0.004	0.9810365761334937	0.24457126768426746
Pogey	201909	0.004	0.9352686396890468	0.03271253801590982
shoot	202003	0.004	0.9256183636952575	0.1085844604720953
ppJedi	201909	0.004	0.9062340660167607	0.5715935479287733
reso	201907	0.004	0.8973379845944625	0.20127384164867276
o.o	201909	0.004	0.8622837609467242	0.6052974004644063
2.0	202001	0.004	0.828772873921618	1.7696663064614242
mini	201907	0.004	0.8240743088031065	0.22011462897222883
digit	201912	0.004	0.7901514970989123	0.31165925658325966
üèì	201908	0.004	0.7192227154500209	0.5994107477627905
TEA	201911	0.004	0.707378121268921	0.47438745539101923
SHADOW	201909	0.004	0.6332765240820011	0.3762256179113767
0-2	201906	0.004	0.6129508081754833	0.20085669601233563
realised	202003	0.004	0.5833139846843018	0.01897080246655822
WIDE	202003	0.004	0.571390519262271	1.0728633273296773
scare	202002	0.004	0.555453835526675	0.7746156779336937
grimstroke	201911	0.004	0.5472132774281933	0.6395496373025749
HEAD	201906	0.004	0.5121770128546557	0.058188404448169515
shitter	202003	0.004	0.506026016780001	1.6118142890453924
peepoRIP	201911	0.005	2.114825421830168	0.6094081534781296
Dude	202001	0.005	1.2832729085578043	0.7882228197446504
po	202001	0.005	1.2763712149561095	0.4978793810930952
possibly	202003	0.005	1.1427875183462801	0.6212715066496062
offense	202003	0.005	1.0847754899486888	1.1042784864860877
Easy	202002	0.005	1.0545220720600836	0.7733623219681701
Stay	201907	0.005	1.039707029716503	0.16794191185768526
grim	201909	0.005	0.9777526026357071	0.10444270106651297
LOW	201909	0.005	0.9627709324252465	0.06253116174545088
savage	201906	0.005	0.9465527241710392	0.35553766493804795
s	201910	0.005	0.8791285590024773	0.23130121986612265
blow	201911	0.005	0.8506514602444434	0.9005505598294459
posted	202001	0.005	0.8483683741500021	0.7007610616281847
shooting	201909	0.005	0.8088580541801246	0.6970796736026784
Waiting	202001	0.005	0.7850189102895961	0.6966010008760798
gorgcFine	202003	0.005	0.7468272897578463	0.8299213613111152
It's	201911	0.005	0.7377621889268211	0.035933424017745026
STARTED	202002	0.005	0.6905518739571721	1.1574498435676859
browser	201907	0.005	0.6541373045959664	0.12830128172327745
w33	201908	0.005	0.6042572878146123	0.8830459273494089
speak	202001	0.005	0.5099690668286466	0.3933305346180562
Mega	201911	0.006	1.3076366466281217	0.7509088969194754
UncleNox	201908	0.006	1.1396346269304336	0.3614960021196579
BisexualPride	202003	0.006	1.0350114527388976	0.637979305383246
SSSsss	201909	0.006	1.0061090915748603	0.5131554674337536
ts	201907	0.006	0.9387961992801197	0.6788446243429023
üêÄ	202003	0.006	0.8835463638077364	0.25185723190915277
breaker	202003	0.006	0.8108652113408705	1.0724333480605595
FACE	201906	0.006	0.738323993392302	0.10789242898805239
purpose	201908	0.006	0.6141573637493909	0.0530987655870633
Ask	201909	0.006	0.5874020548590441	0.04276993646102386
bomb	201911	0.006	0.5822215101840955	0.8258607414257199
heat	202003	0.006	0.4007248954061804	0.9059577915718032
DOUBLE	201909	0.007	1.374887044784359	0.1276544063968378
shaking	201909	0.007	0.9963640065932445	0.4052126267925795
aye	201907	0.007	0.9853200277212162	0.5821047490782032
clone	201907	0.007	0.9403476282878521	0.037193465286916624
weapon	201909	0.007	0.8463557602693343	0.3830916267283642
EPIC	201910	0.007	0.812089375010487	1.0579545996160504
SMURF	202001	0.007	0.7729586773184043	0.532624732669739
dr	201906	0.007	0.7029831922928558	0.2913396381754388
focus	201906	0.007	0.6873862371400458	0.3071696343833672
Vs	202003	0.007	0.6671294937215936	0.08923907232880307
widepeepoHappy	202001	0.007	0.6518877682608368	0.7320814477826397
attitude	202001	0.007	0.6342700578785829	0.008845578680457456
MEGACUCKS	202003	0.007	0.5503336881487703	0.05976962684901004
Legends	202001	0.007	0.464405059135389	0.3218632932501249
bamboGa	201912	0.008	1.1599084401384512	0.2378009547420849
Save	201912	0.008	1.0684075871332013	0.982309240534829
YET	202003	0.008	1.0208902436528189	0.9264330824575794
3d	201906	0.008	0.9579337145194414	0.12582422679955632
start	202001	0.008	0.838231932963031	0.025049163486602494
replace	202002	0.008	0.8133480537853052	0.7444566698170263
SHAKER	202003	0.008	0.8069770093485149	0.5456084915402802
destroying	201907	0.008	0.7917596515907316	0.44715200692939966
peepoSad	201908	0.008	0.78403183382222	0.31513180173916877
SEND	202003	0.008	0.7293490293784519	0.7523682769011751
unique	201912	0.008	0.726501912136788	0.6616690727106099
Loda	201907	0.008	0.7096491557220753	0.4953962309780598
gas	202003	0.008	0.6744924674693151	1.6729272195715605
gorgcGasp	202003	0.008	0.5746786146793348	0.9358468692260027
CAT	201912	0.008	0.5195067758117027	0.384387849060576
Need	202003	0.009	1.6452405942116035	0.27390781048087864
double	201910	0.009	1.0745691936037316	0.54085144207991
clips	201911	0.009	1.0045648053674563	0.5792792780838142
BRISTLE	201906	0.009	0.9652069743821581	0.24154636707379137
bother	201911	0.009	0.9648017483654702	0.1918190107722449
Points	202001	0.009	0.9558063049924916	0.11390193034074877
Wheres	202002	0.009	0.9417640864095672	0.9429074752117348
Abed	201912	0.009	0.9144025985295227	0.3502887947937784
bsjBSJ	202001	0.009	0.7702434375868235	1.7163486266706443
Bring	202003	0.009	0.6994155037846096	0.8532655566572028
shared	201911	0.009	0.6960430574072762	0.35025425134320237
enchant	201908	0.009	0.6794230454794425	0.31145395198112036
rhasta	201909	0.009	0.648716688534426	0.6522529724705218
ALSO	201911	0.01	2.3979318427847467	1.700842465292598
Best	201908	0.01	1.4881472823982425	0.16488393173826962
YOUTUBE	201910	0.01	1.3876031792398413	1.4629452598408548
subscriber	201911	0.01	1.3324337211942603	0.6121418903744843
Hard	202003	0.01	1.1396667466041768	1.2775964617397677
LIFE	201909	0.01	1.1033451297353483	0.14803145059417472
subscribing	202002	0.01	1.0812389510763656	0.5690585872474795
hr	202001	0.01	1.0223569346901586	0.523459772469824
‚úì	201910	0.01	0.9775686337375628	0.2343341840653325
3.5	201906	0.01	0.9605655174692125	0.18203693998529588
RELEASE	202003	0.01	0.9402916047515241	1.0086414397458932
BROS	202003	0.01	0.9121795034515129	1.1144993466419997
frozen	201906	0.01	0.8891548165401555	0.3241007889266023
Bsj	202003	0.01	0.767664126760792	0.5501582240525978
CLOSE	202001	0.01	0.5543820347927347	0.49934169986592997
vod	201911	0.01	0.47419670312132645	0.36591231685529596
falling	202003	0.01	0.4615986056439819	1.0441480700866257
may	201908	0.011	1.202798466792701	0.030426037882712993
HYPERS	201907	0.011	0.9301217970314573	0.4363334164077372
reach	201910	0.011	0.8423838606705172	0.8940531143578276
goal	202003	0.011	0.7509095804736243	0.5553733897225768
mu	201912	0.011	0.7402986309168046	0.8073081758122886
taught	202001	0.011	0.5949598003630041	0.10744188942883698
waow	201909	0.011	0.594230700531867	0.023641441996671946
robot	202003	0.011	0.5297226944670586	1.0351447180750875
isn‚Äôt	201906	0.011	0.503520273743853	0.07454711892352109
options	201911	0.012	1.4124837921130728	0.5157256836592178
copying	202003	0.012	1.3597157411188885	0.20088123510401504
68	201907	0.012	1.1842110264189851	0.6225357723366328
media	202003	0.012	1.1451368234285961	0.624625115013287
send	201909	0.012	1.0974428575950488	0.04776052751943523
esports	202002	0.012	1.0946008520386674	0.3911822623283738
Jubei	201911	0.012	1.0925588390079932	0.04413257150915153
Using	202003	0.012	0.9557542304661357	2.1537368213945
TANNER	201909	0.012	0.9089851617733447	0.9668347400323833
involved	202003	0.012	0.8825257514040951	0.5309597646542074
queen	201909	0.012	0.8782432379541772	0.6198425425948856
hats	202003	0.012	0.8700444854978318	0.6045165711511702
bubuHug	201908	0.012	0.8467079848817058	0.6887077067066663
dreams	201906	0.012	0.8385276421342878	0.11207259370423486
literal	201906	0.012	0.7222889098679686	0.20263531688467293
everygame	202003	0.012	0.695734681423486	0.5113124712807805
normal	201907	0.012	0.6855670284242293	0.3180161699734614
Roshan	202002	0.012	0.6036158583568083	0.9015499687896268
moon2AY	202001	0.012	0.5924881035712146	0.19377981991336152
Ah	201909	0.012	0.5780334345701508	0.5339232894326551
Yikes	201906	0.012	0.5767941019764891	0.10204137030994535
admit	201912	0.012	0.5533513638024686	0.6579049276961867
THANKS	202002	0.012	0.5191518473796468	0.0545146477878993
AWAY	201906	0.012	0.5005832987358154	0.01381618586340013
Raid	201906	0.012	0.5005227946766203	0.22035932345893725
PEPEHANDS	201909	0.012	0.379178930176382	0.40112558256098246
satisfying	201911	0.012	0.34096504562982827	0.18051108289916407
chocolate	201909	0.013	2.0473342816421867	1.6353513811612126
x	201908	0.013	1.1355627128345112	0.030373970217712373
heralds	201907	0.013	1.1223074959921011	0.6005891598332754
Immortal	201910	0.013	1.060372630058755	0.8746568835889598
let	202002	0.013	1.0372971137155729	0.0965514893455219
airlines	201909	0.013	0.8293893640041117	0.6876687609954671
üí®	201912	0.013	0.7023026220694869	0.5487225939501665
download	201909	0.013	0.6858321204409336	0.10070900294862144
pyramid	202002	0.013	0.684825040369789	0.12681534884767076
DxCat	202001	0.013	0.673220400304003	0.5735594711612326
GingerPower	201908	0.013	0.6440366919604517	0.24681582812102656
prize	201909	0.013	0.6027767090228688	0.11287317404233196
jugger	201912	0.013	0.5820103246088318	0.8445217339768495
Dota2	201911	0.013	0.52550202561911	0.6825980271847613
smurfs	201911	0.013	0.5041127135190844	0.01762414951560179
OFFLANE	202002	0.013	0.42621678121118267	0.3261991695511558
source	201911	0.014	1.7440257123173724	2.5522099749912077
admiralJoker	201906	0.014	1.0047496561440998	0.3318571264763185
New	201909	0.014	0.957273293205723	0.09524172160024613
GREEN	201908	0.014	0.9254504142628219	0.8927670517518059
updates	202001	0.014	0.8415219067336323	0.03155134214655988
degenerate	202003	0.014	0.795382790245025	0.17076406149528894
Fight	202003	0.014	0.6274830214177813	0.23606641570238032
WORLD	202001	0.014	0.5906322656379543	0.07152107990259186
ll	202001	0.014	0.5731939789989471	1.2369280189646041
towards	201909	0.014	0.3790739405869884	0.5811095398525044
TWITTER	201912	0.015	2.7154981463572314	1.7259219113782873
actively	201912	0.015	1.7446066206276516	1.1876727002221015
tard	202002	0.015	1.5188406812480426	1.6573668990225945
Ty	201908	0.015	1.0418506666974032	0.04082084479279355
bubuBurp	201911	0.015	0.8551657145047802	0.6940496911613234
study	202002	0.015	0.7561039456494727	0.049138294626831676
shiet	201906	0.015	0.7489239380149518	0.7332656242825689
STOLEN	202001	0.015	0.7327927315165889	1.0613198800889763
PLEB	201911	0.015	0.5639753986602953	0.027709518154447003
metal	201910	0.015	0.4731386225870068	0.062169745106560564
gachiANGEL	201912	0.015	0.3169746541829441	0.03579867157449849
Esports	201912	0.016	1.4900890395126756	0.6029234870006724
recommend	201910	0.016	1.0711266745694048	1.198247931252483
everything	202001	0.016	0.9506879444011181	0.48374216662380104
cookie	201909	0.016	0.902873757541814	0.6841068878543743
suddenly	201907	0.016	0.8139790710853979	0.4185473141408784
Full	201911	0.016	0.6765086463187862	0.16086462707069488
teaching	201907	0.016	0.5543715313358406	0.2367178499246963
predicted	201908	0.016	0.5194566530783964	0.30086571826290154
grand	201909	0.016	0.48116507140399395	0.2544556019719112
NAME	201910	0.016	0.3451648644819949	0.057693749505815614
gear	201911	0.017	2.0275774418515677	0.7266117643265326
I‚Äôd	202003	0.017	1.852764980021527	0.12650654825397623
peepoClown	201912	0.017	1.605394304733702	1.079124867157968
apex	201910	0.017	1.0681762544442417	0.4846371744904693
ANYTHING	201908	0.017	1.0188706835716856	0.8657105920415259
gotcha	202003	0.017	0.9638938257591433	0.5085702612468239
complete	201909	0.017	0.9549896072291695	0.24324977228423034
changes	201911	0.017	0.8639683678223392	0.1037333084659204
ninja	202002	0.017	0.8567557506244543	0.7288988536436872
BRAZIL	202003	0.017	0.8424360703109494	0.010095754429441316
BigBrother	201908	0.017	0.7549165817761897	0.44023624198465733
üö™	201908	0.017	0.6701169074293423	0.027384190085308166
rubik	201909	0.017	0.651628991594168	0.26758961456852376
hat	202001	0.017	0.6321483583888562	0.15381193436603482
monkaGun	201909	0.017	0.6097179364584275	0.21410987976225382
battlecup	202003	0.017	0.6056821515076863	0.7798697049668616
army	201909	0.017	0.5764275806868233	0.39085080973577135
Up	202002	0.017	0.49657784431084484	0.11290089876024433
diff	201911	0.017	0.4517556191420106	0.16247690141803767
message	201911	0.017	0.4308112750085209	0.12052911286410271
proper	201907	0.018	1.7268083921168593	0.02738148622531624
NOOO	202003	0.018	1.5785522130140122	0.06130605544593256
Core	201906	0.018	1.3132046986920138	0.404343589607649
slayer	201906	0.018	1.1405193636543594	0.3223771583599987
valve	202001	0.018	1.0955014202665228	0.2710092825634827
noooo	202003	0.018	1.06138051550368	0.13819968501959992
pepeD	201910	0.018	0.8288302711908215	0.27949287243373244
liek	201906	0.018	0.6943552000774268	0.11375385469101086
store	201907	0.018	0.6544784486420281	0.0010493429415853505
ruins	201912	0.018	0.6354301595299003	0.2586169561875644
THINGS	202001	0.018	0.5677573594326448	0.21525664290349705
bubble	201909	0.018	0.5586294160873424	0.029750022864752736
Io	201912	0.018	0.5038047957659936	0.23356908675804766
billy	201907	0.018	0.3884503115402147	0.19714357489550335
tipped	202002	0.018	0.35835814338521876	0.8714902570181504
‚úã	201909	0.018	0.3055665001695301	0.15978928493172867
battle	201909	0.019	1.2769236458298507	0.8161737748444136
TheThing	201907	0.019	1.2559059698837924	0.1069963276013004
SCAM	202001	0.019	1.2030731050591743	1.6986454473914703
Wow	202002	0.019	0.9917294975013118	0.1787373846020764
SMASH	201912	0.019	0.898602840220152	0.6846247669842139
Youtube	201907	0.019	0.8508972984767593	0.4650511837122878
Cup	201911	0.019	0.7062183839989292	0.7794348969779994
Back	201907	0.019	0.693101445846273	0.1909120631438636
14th	202001	0.019	0.688519653101491	0.2831132349265333
Tobi	201908	0.019	0.6376459365762672	1.0718914660684893
Slardar	202002	0.019	0.634334584858524	0.1234198304701582
AY	202002	0.019	0.617999542706763	1.1959564570207535
MONKEY	202002	0.019	0.5204703810033913	0.6084630340874844
LACIST	201906	0.019	0.45857072853819525	0.3284301486526032
raw	201909	0.019	0.45677320384196085	0.45180402906440387
PainsChamp	201912	0.02	1.7028317183769177	1.4002860988681565
move	202001	0.02	1.5327726186693698	1.2116979265592653
Sad	202002	0.02	1.0647361662392292	1.1512575938639644
Add	201912	0.02	0.9465318800892089	0.4355166314306842
PepoG	201912	0.02	0.9249662689086339	0.6195034277263314
85	201908	0.02	0.8376229938004709	0.169522749629312
üôè	202003	0.02	0.8285177941281812	1.614765510392519
ARROW	201911	0.02	0.7570138240899348	0.8587228952280216
REFUND	201909	0.02	0.7230675305942232	0.9019270658243292
wolves	201911	0.02	0.7151016442675733	0.05646453315296749
BS	202002	0.02	0.6566320559095344	0.6512224938028844
Poor	202003	0.02	0.6455770787224989	0.8014592629853355
5h	202002	0.02	0.6224874364924499	0.2340033231512962
inv	201909	0.02	0.5412883739655086	0.10140058720563154
unlucky	201909	0.02	0.5366836453380583	0.6688270924766375
OUT	201908	0.02	0.5317101572990721	0.03652800283366322
yourself	202001	0.021	1.2514420267344626	1.4707297770477157
audience	202003	0.021	1.1104654443983872	1.3860967866897254
AA	202002	0.021	1.051419324478343	0.06939058276559071
welcome	201907	0.021	0.8897762644833538	0.488903135665386
febbyD	201912	0.021	0.8666521204286778	0.34622370452201384
branches	201909	0.021	0.842820439887375	0.06819552318532499
Silencer	201907	0.021	0.8103159224507855	0.011854391605040674
cliff	201908	0.021	0.8102000315341983	0.03946936917229491
Support	201911	0.021	0.7881170481479381	0.1917676600749884
üîî	201911	0.021	0.7760021133377903	1.2426012221617677
dadFlame	202003	0.021	0.5743361619704785	0.5125325087149725
DONG	201909	0.021	0.564827760527975	0.6702391239788864
spirits	201911	0.021	0.4937680204854308	0.600808057908591
SKADI	202001	0.021	0.35288087344361185	0.3654471532423745
announce	201912	0.022	1.5378359348100747	1.843598029032163
praise	202003	0.022	1.2216246708310956	0.9438589695641896
loses	201908	0.022	1.1303835801582398	0.22258655127349972
business	201907	0.022	1.0289604925999636	1.0613601389333975
ideas	202002	0.022	0.8185504137736036	0.30891905942777775
Next	202001	0.022	0.794311114296256	0.25664123658429044
code	201910	0.022	0.793779559887017	0.4969306727895236
STRIM	202002	0.022	0.7735164315971653	0.3343243418159276
FeelsRedditMan	201911	0.022	0.7150831049947264	0.5987017623443388
offlaners	201909	0.022	0.7034390570520781	0.44748630641907305
hilarious	202002	0.022	0.6180077657430567	0.928344474170403
yep	201912	0.022	0.6010238986199227	0.3674023776127568
Random	201908	0.022	0.5820214414989604	0.41223137432373
golden	201912	0.022	0.48760528107616974	0.8596782409040468
ocean	202001	0.023	1.3507330620442068	0.6095886348967378
bubuGun	201908	0.023	0.99361018294103	0.18196418116103985
slide	202003	0.023	0.9331695767609851	0.5075638338345626
VisLaud	201908	0.023	0.8581334827673218	0.13834472317371954
MONITOR	201912	0.023	0.8512427126413502	0.20440115563205077
oy	202001	0.023	0.8307602427638019	0.7418930603467928
Fata	201908	0.023	0.8029052873028999	0.3567302122034386
view	201909	0.023	0.7243510805567963	0.15010191901538986
Cat	201911	0.023	0.7165997872737591	0.47306517493666506
LEGEND	201908	0.023	0.6541841698168098	0.18446731131924962
Beyond	201911	0.023	0.6154153374464284	0.6667292862674057
üëà	201912	0.023	0.5289063493618891	0.07883384337429945
anti	201910	0.023	0.43882593242673634	0.14481727003810987
BROTHER	201909	0.023	0.4312888414197547	0.02635546485854793
DAILY	201911	0.024	2.581926684574251	2.46796193495016
Hope	201909	0.024	1.0963713643095143	0.3184069642027955
guess	202003	0.024	1.049560502717537	0.36617975208549103
highlight	201906	0.024	0.9913652950405896	0.9063791633941305
limited	201908	0.024	0.860059413364012	0.05810776630690395
Tide	202003	0.024	0.8056077793740818	0.728381871876667
matumbaman	202002	0.024	0.7332884006125477	0.454793954533897
ti9	201912	0.024	0.7243207254743608	0.28851046353385384
aw	201908	0.024	0.6784315655961957	0.5805652218029377
200k	201909	0.024	0.6774322396844512	0.39650818092068385
1v5	201907	0.024	0.6451059157017772	0.12833062241605953
SWEDEN	201909	0.024	0.5396716381783881	0.4806032030300249
personal	201910	0.024	0.5394624511388012	0.30721926179356024
MIC	201911	0.024	0.39632699080504724	0.008230181336245534
silenced	201909	0.024	0.3855905126586391	0.47332251424934596
PurpleStar	201906	0.025	1.1118341084428476	0.12897535161418125
AXE	201906	0.025	1.1076136635714908	0.19556410445557323
ROSHAN	202002	0.025	1.0454518911612438	0.6663840504355076
mag	201909	0.025	1.0187475964269632	0.4195744438493877
crew	201907	0.025	0.9975283676569313	0.23964153711161196
SNAIL	201912	0.025	0.7934891736938957	0.3865485055676175
noice	201906	0.025	0.7847472725115717	0.5835700674598691
mac	202002	0.025	0.779981498250146	0.2278499587296076
far	202002	0.025	0.5856121169211592	0.025493265630705263
sings	202001	0.025	0.5729531855372229	0.7541794552673154
aghanims	201912	0.025	0.5302099101120271	0.3977885314135948
ahahah	201907	0.025	0.4686272815716821	0.3788635757578447
website	202001	0.025	0.4447579880722903	0.08276676505682382
whoa	201912	0.025	0.43877346569668874	1.054126378838789
Tinker	201910	0.026	0.8549806949595175	0.7280717751491582
deaf	202003	0.026	0.8278874485726623	0.41510495471883113
EL	201909	0.026	0.6865984478082028	0.35474095654076504
monkeysBrood	201909	0.026	0.685721592436286	0.6762953906808028
March	201909	0.026	0.47113601730971644	0.1848139467101661
you‚Äôre	201912	0.026	0.47059016853543656	0.4741394146779963
EARLY	201908	0.026	0.42414300519588116	0.2670201374438342
SEC	202002	0.026	0.3890523013696288	0.3176668591250995
FROG	201912	0.026	0.2843675992341892	0.7473275964843764
Baby	202003	0.026	0.2771346149136512	0.8099615856774043
prison	201908	0.027	0.9325170470406292	1.3748478599754705
MEMES	201906	0.027	0.9173840919854713	0.3015173521382811
vegan	202003	0.027	0.8590918685834854	0.7155429668233354
judge	201907	0.027	0.8425610057032645	0.09311727712483046
KISS	202003	0.027	0.7828536888856292	1.1909878299738565
pastas	201907	0.027	0.7085329736166707	0.3100282792123591
Could	201908	0.027	0.6977460344993728	0.18716934909243987
INVITE	201912	0.027	0.6857146110480543	0.3581723027153845
Lil	201910	0.027	0.6823815836609516	0.08738032314134359
goin	202002	0.027	0.599271784946745	0.6032873567569078
ROAD	201911	0.027	0.4936182819251175	0.763038665192844
Void	201911	0.027	0.42667035482675386	0.7236852330712819
mama	201910	0.027	0.36912176763960436	0.034528798395507904
üî´	201910	0.027	0.3423978900464232	0.17488059079162865
INTERVIEW	201908	0.028	0.9656729627604175	0.6700167851731531
anybody	201912	0.028	0.5992811728784389	0.3499419623725855
activated	202003	0.028	0.5950221059157623	0.8030315615105909
GGWP	201907	0.028	0.5279591610479678	0.06324619489630742
SIMULATOR	201906	0.028	0.5079045393587037	0.6482454281058551
HO	201909	0.028	0.49927084098914665	1.2699238519610416
Rosh	201912	0.028	0.4790774649274472	0.2883012926042157
chance	202003	0.029	1.0253387497707946	0.5338535021418263
Everyone	202003	0.029	0.9931157904191713	0.17384197726877065
interesting	202002	0.029	0.9104114264975511	0.8161689995260386
ANTI	202002	0.029	0.7176762295837295	0.6263523469627107
wisp	201907	0.029	0.6777564223481446	0.1889187016157766
survived	202002	0.029	0.6430474473953524	0.5866796379686814
DUST	201906	0.029	0.6429699133621711	0.058938886899371136
highly	201909	0.029	0.6241914341486374	0.18852667406317275
helmgHi	201910	0.029	0.5849678496989004	0.14859073719337063
EE's	201910	0.029	0.4432042500763515	0.05499456126790266
admiralB	201907	0.029	0.42290688781030206	0.45701747633091816
gorgc3Head	201907	0.029	0.3895320921322436	0.3693012182825287
üì£	201909	0.03	1.2047753149295553	1.9418758651653678
von	202001	0.03	0.8922879787688056	0.12246469118535296
defend	202003	0.03	0.850446908222115	0.5228347660159472
THEY'RE	201912	0.03	0.8119462144299868	0.464775638095087
imGlitch	201908	0.03	0.8109214238552469	0.8985255528073134
Maybe	202001	0.03	0.8035690180626063	0.1025983636644762
madness	201911	0.03	0.7962826419765853	0.10851992703161317
Plebs	201909	0.03	0.7836961341759746	0.6986470691587519
WHERE'S	202001	0.03	0.7771340189647366	0.32215547917338605
XI	201910	0.03	0.6597943068256332	0.1726805675018229
infinite	202003	0.03	0.6104813413238693	0.07752616111550872
earn	201910	0.03	0.5618260547076585	0.35639650280976004
religion	202001	0.03	0.4706041729119027	0.33516006801938897
TAKING	201909	0.03	0.46019386667856543	0.6752299405293933
fresh	201907	0.03	0.35101263883219413	0.40202263596601223
participate	202001	0.031	1.0582912868765668	0.32701312802912474
sudden	201912	0.031	0.8821048773405543	0.47183177948877036
TAIGA	202001	0.031	0.8621824876237617	0.697336096205996
ding	201908	0.031	0.8118268120224464	0.06289570781744372
forsenKek	201909	0.031	0.6606364126412183	0.03126848663609478
October	202001	0.031	0.6371363541641398	0.5271963720066796
sending	201909	0.031	0.6220356677120156	1.321243372492073
cocaine	202003	0.031	0.5872589374446026	0.59537916677926
KIDS	202002	0.031	0.575626452106984	0.16425632040502822
ü§ù	201907	0.031	0.5551368831319591	0.32276800801833727
student	201909	0.031	0.5085206227990289	0.27881370911594305
Unless	202003	0.031	0.5065425211584825	0.8461736579420156
MAGIC	201911	0.031	0.3470816889003736	1.3885807092294515
fantastic	201909	0.032	1.2374052147151748	0.3128972903404594
unlock	201909	0.032	1.0702146938057524	0.8084621706691646
KARMA	201908	0.032	0.9712838699122223	0.6642007356458027
deep	202003	0.032	0.970039027346788	0.9331448978937015
PEE	201911	0.032	0.898970185325692	0.7622940800826251
Riki	202001	0.032	0.8264808107672043	0.2565527936186124
alone	201911	0.032	0.7722294646547326	0.02138237867106
PC	201910	0.032	0.6858869741945074	0.16455152391748268
spots	201912	0.032	0.6633601292425032	0.15373753400413337
Õ°¬∞	201912	0.032	0.636883127753181	1.160732742305446
gun	201907	0.032	0.6053566281336368	0.12228869667931935
LODA	201912	0.032	0.573369521676106	0.4167583315357873
SEX	201906	0.032	0.4655499783330249	0.5085538248946833
blocked	201911	0.032	0.46539114505006857	0.002924553937567678
percentage	201909	0.032	0.3825069521373463	0.06865372312345493
FeelsAmazingMan	201909	0.033	0.9315648167748258	1.810487709382893
confidence	202003	0.033	0.866699655681586	0.04291260001608827
HYPERBRUH	201912	0.033	0.8635048498190373	0.08190432354633705
correctly	202003	0.033	0.8253786098129716	0.5439115680076122
KAPOW	202003	0.033	0.8214899145724726	0.5442780850958334
Cooman	202001	0.033	0.7870790625190799	0.2437216178126432
excited	201911	0.033	0.7570414528358778	0.7776960798409889
AW	202001	0.033	0.7365303882919941	0.07575939647249572
febbyNice	201911	0.033	0.6547751689388965	0.717246451670199
breath	201908	0.033	0.6351818365045678	0.116875717672081
‚†Ä	201909	0.033	0.6058866084644419	0.4213150173348331
truly	202002	0.033	0.5519218559675766	0.7202033639091001
Bristle	201911	0.033	0.4004398799062585	1.1878806353978373
Es	201912	0.034	1.0373832111766013	0.14364049451866187
LUK	201907	0.034	1.031157007804551	0.5383245985875178
Also	202002	0.034	0.9575332641645005	0.11829623164230418
chess	201907	0.034	0.7611411652084268	0.11857958171639114
walks	202002	0.034	0.5746044146587687	0.509271771741915
stunned	201908	0.034	0.5344633678957713	0.04264184286610481
impressed	201907	0.034	0.39276923313592405	0.4717284482965784
upload	202001	0.035	1.0493453924079927	0.21238757161898658
RESO	201910	0.035	0.9534405312592054	1.3244991882776478
permission	202003	0.035	0.9198781781551777	0.1816616216453257
TU	201912	0.035	0.8907691014428551	1.3237668073831221
topson	201912	0.035	0.8668475627204038	0.2855611068400032
pepeCD	202002	0.035	0.8457074540108545	0.8500730306384902
skin	201910	0.035	0.7992300292793508	0.19107871820678268
flames	201907	0.035	0.7812156270822184	0.17096761437642782
RaccAttack	201908	0.035	0.7535067035355405	0.8612046837164062
reset	201909	0.035	0.6885651881115961	0.2517023434854119
ATTACK	202003	0.035	0.6776419370443058	0.7201786951894764
FATARD	201908	0.035	0.6465963312614076	0.029224370982567034
Gambit	201907	0.035	0.6412483760042579	0.19958246355860437
72	201909	0.035	0.5452406387091422	0.4371995825127985
bhai	201912	0.035	0.5423081196218708	0.24924362948425954
STILL	201909	0.035	0.5232573376303317	0.32395722664232823
