ohhh	201912	0.0	3.9297326226902367	2.807449317355492
üòÜ	202001	0.0	3.5343271754856644	2.252847960038417
ahhh	201912	0.0	3.4001452911933567	2.925986498715451
IMMORTAL	202001	0.0	3.369649097177266	2.2445492847097963
Easy	202002	0.0	3.269357188761365	0.5113060035901921
belive	202001	0.0	3.188148210063529	1.8016742324016635
Waiting	202001	0.0	3.160517974205086	2.059169059835781
ramzes	202001	0.0	3.1372071644551784	2.4422838151354997
site	201912	0.0	3.1113377752684124	0.7911893953659541
Lmao	201911	0.0	3.0797160731451285	1.6050145879968554
chikaHype	201907	0.0	3.0531581141144857	1.6012163691420882
First	202001	0.0	3.0140628825270284	2.1877138660035205
immortals	202001	0.0	2.9702932931456436	0.9860926772959412
Eu	202001	0.0	2.938088360947208	1.1920157072220718
Dude	202001	0.0	2.917926530298704	2.330608899831584
ohh	201912	0.0	2.8891945448632574	1.6378561469376471
HOMIE	201905	0.0	2.878860587308906	2.069265674479309
kappa	201912	0.0	2.8688711157393945	2.1340686279807906
qualifier	202001	0.0	2.839258459084201	1.7840815881048928
users	201912	0.0	2.783068407014085	1.9253166968799575
Great	202001	0.0	2.7629174906725433	0.3188697173511028
opened	202002	0.0	2.6986888814760794	0.03917313430585515
works	202001	0.0	2.678780113279445	0.49498543079418983
impressive	202001	0.0	2.640513525510052	2.075938748683227
500k	201905	0.0	2.549882109659187	1.454036336243543
Solo	202001	0.0	2.529693010420779	0.4462573293991461
opening	202001	0.0	2.5249670593764018	1.0774411960692243
reaction	202001	0.0	2.5157555458196876	2.51968349418675
1m	201907	0.0	2.4639183860212492	0.9690105582052478
minor	202002	0.0	2.4609592856091584	0.1451961864164198
NOOBS	202001	0.0	2.4265673798004253	1.7139629076534266
managed	202001	0.0	2.411722271934411	1.7813413412958952
w33	201905	0.0	2.3803014078913436	1.5559377727340875
yell	201905	0.0	2.369634784294257	0.8447039933409642
Pudge	201912	0.0	2.332282727535183	0.8511210706135793
topson	201912	0.0	2.320883641856749	1.0481915436562939
tnx	201907	0.0	2.3168572441562256	1.3856746761024126
Void	201910	0.0	2.2826906896861954	0.4591284102325423
OkayChamp	202001	0.0	2.251691127038072	2.3045839775176895
situation	201905	0.0	2.2112442209866727	2.04809153311238
Was	202001	0.0	2.209610912655868	1.6725087304102508
C9	202002	0.0	2.2024394571740427	1.1228183257508675
Abed	202001	0.0	2.2015806070053183	1.587221969729599
clips	201907	0.0	2.187211183733912	1.2303662060414355
50k	201905	0.0	2.1857507051655714	1.4805228970461484
Arteezy	202002	0.0	2.175917494687523	1.5924908793405663
finding	202001	0.0	2.167807929003888	1.3179204685971913
ten	201912	0.0	2.162524605937518	1.5941314762001573
train	201912	0.0	2.1609998982156853	1.3889719207600768
‚Äî‚Äî‚Äî‚Äî‚Äî‚Äî‚Äî‚Äî‚Äî‚Äî‚Äî‚Äî‚Äî‚Äî‚Äî‚Äî‚Äî‚Äî‚Äî‚Äî‚Äî‚Äî‚Äî‚Äî	201907	0.0	2.1419913482057478	2.509682814801149
KEK	201907	0.0	2.1409081503944334	2.1362453817119507
data	201905	0.0	2.139229786164208	2.381829924796874
service	201905	0.0	2.1151475672485773	2.203305259851417
actively	201909	0.0	2.1072354918946257	0.8226730771633486
AYAWeird	201905	0.0	2.0940933963007944	2.0423621162031456
lockdown	202002	0.0	2.0889464227954333	1.1326726036565287
peepoClap	201908	0.0	2.087629147979167	2.6582610910245785
W33	201905	0.0	2.04626227703553	1.4004731368500207
immortal	201912	0.0	2.0182308098005017	0.8225223728318614
pepeGun	201909	0.0	2.017600004374828	1.7285643721348845
wonder	202001	0.0	2.0133345557074236	0.536029753956487
rune	202002	0.0	2.0111810845404037	2.051406316207286
2m	201907	0.0	2.008812850571111	1.770199285509887
blessing	201905	0.0	2.00828402552479	2.286519982730305
widepeepoSad	201905	0.0	1.9938235933048944	1.3683996351853585
dota2	201912	0.0	1.9921557050294685	1.3522166190250884
scam	201907	0.0	1.9687406660965294	1.2846410820006482
FART	201905	0.0	1.9663110210331374	2.2507972373697482
skins	202002	0.0	1.9484760820337352	0.0059836468368589385
brought	201906	0.0	1.9176764791519632	2.544993451496211
ARCANA	201905	0.0	1.904839593318639	2.435119290500366
audience	201905	0.0	1.8901754415184335	2.6298207752481066
FeelsRedditMan	201911	0.0	1.8845634229602655	2.1675895217113643
Yep	201912	0.0	1.8777218755684886	2.4459205961120745
skin	202002	0.0	1.8656185549602904	0.2967593966152825
IDK	202001	0.0	1.85172256952903	2.331105618854901
levels	201907	0.0	1.843453084020389	0.8977481806919521
BOGGED	201907	0.0	1.843045126892568	2.4650590475162204
bi	201905	0.0	1.8367002275831554	1.5043009228569522
message	201910	0.0	1.8335197000291397	0.8207772932982055
add	201912	0.0	1.817931535337257	0.9316996932236674
JA	201906	0.0	1.8173387465927455	1.871686919581782
HYPERS	202002	0.0	1.8112508257595625	0.13518641199214623
mu	201905	0.0	1.8019201591664893	0.8418806063787104
earth	201912	0.0	1.7915562747455684	1.4596216702393725
EE's	201905	0.0	1.788908713407346	1.0357289541842598
pepeLaugh	201912	0.0	1.777909710978506	0.9014685759954705
I‚Äôd	201905	0.0	1.7691663683500456	2.0023442280913066
GUNNAR	202001	0.0	1.766803857962572	3.1512308251153094
recommend	201906	0.0	1.7666010614456058	1.4695318887887547
accept	202002	0.0	1.745449653818775	1.023862487660233
beauty	202002	0.0	1.7427092281241898	1.0502261117997151
PepoDance	201912	0.0	1.7211865322438338	1.583436977291396
bak	201905	0.0	1.7142031928023826	1.9067667565845827
5h	202002	0.0	1.702042614484177	0.30889223510718905
MOVE	201905	0.0	1.7003786356774921	2.2088348893509724
care	202002	0.0	1.699803317207874	0.31909518141802073
trent	202002	0.0	1.6892871003770051	0.2920150402808796
PepeMods	201907	0.0	1.6892489993741435	1.6336009598221723
winnable	202001	0.0	1.6890094681395476	0.6360111867287616
MO	201905	0.0	1.683838471911045	2.2995429582541536
lgd	202002	0.0	1.6823931955222022	0.045272890544051314
Tobi	201905	0.0	1.6818174172446054	1.6296028179021433
ty	201912	0.0	1.6812633601758264	0.34879960541079974
code	202001	0.0	1.6794687626224702	1.090749508318509
poggies	201905	0.0	1.6776634141158753	1.4112103059918755
DODGE	201905	0.0	1.6745038617639498	0.4363777289294217
answer	201912	0.0	1.6583502796666396	0.8840656388426188
100k	201907	0.0	1.6580161636515571	0.3049002896980629
Love	202001	0.0	1.6496100634289288	0.33608915552668867
c9	201906	0.0	1.6476200962780123	1.7312792364422946
RTC	201908	0.0	1.6461331870328255	1.7837644257012624
Sounds	201908	0.0	1.638625954455447	1.303800743090562
MALDING	201908	0.0	1.629039602578708	0.801355999495308
ocean	201906	0.0	1.6289116643226595	2.673365554152486
T1	202002	0.0	1.6254149736635166	0.7238450842925022
Turbo	201909	0.0	1.618676367540711	2.0750579801688076
dendi	202001	0.0	1.617329851336009	1.4650144771995297
harder	201905	0.0	1.613304261322312	1.3041187525132318
Hard	201912	0.0	1.6085882981550794	2.2787598834687772
yep	201912	0.0	1.606098394204673	0.717602114874865
request	202002	0.0	1.6039606618846785	0.9076928881229736
YELL	201905	0.0	1.601537958923373	0.5520503980926292
Esports	202002	0.0	1.6008117072540569	0.9439884242596415
expect	201910	0.0	1.5929915581497982	2.135382569465214
TRENT	201911	0.0	1.5907465334646564	2.1177783789917397
fantastic	201905	0.0	1.5893897657938127	2.3826552084168897
luki	201905	0.0	1.5840962989780962	0.5646430799068196
Here	201912	0.0	1.5803602080224723	2.07149399881442
unlucky	202002	0.0	1.5767665829364343	0.627715127133361
handsome	201912	0.0	1.5706022884051263	1.271569788199205
chocolate	201905	0.0	1.568482074216137	1.5827244158307487
dollars	201912	0.0	1.5608747807403316	0.3770927395412208
snap	201910	0.0	1.5606825700611529	0.2795923567332286
du	201905	0.0	1.5592422841895037	1.8523633726167945
gang	201905	0.0	1.5534360035573793	2.3021573879887285
yourself	201905	0.0	1.5439068029293246	1.3419316432642034
STR	201905	0.0	1.540614673042402	2.269111427125148
cancelled	202002	0.0	1.5327861885317933	0.5299224304022147
4House	201905	0.0	1.5240898052849539	2.5885697758606945
bulldog's	201907	0.0	1.5197185313937163	1.4054832446555057
safe	202002	0.0	1.5195685902605236	0.06051748609271226
HYPERCLAP	202001	0.0	1.519125390197026	0.29260611940097503
cool	201910	0.0	1.5040849693774776	1.2402808556480267
poki1	201906	0.0	1.5018128355103242	2.489394359329683
duels	202002	0.0	1.4998662917911538	0.22816465337095423
nikobaby	201908	0.0	1.4937299101035924	1.939257817475051
nightmare	202002	0.0	1.4923368860621689	0.6063952072517778
may	201906	0.0	1.4879433269001154	0.6817236307593707
LEDDIT	202001	0.0	1.4867726969295578	0.38315719712725155
health	202002	0.0	1.4848176250970562	0.6998862903057743
Dendi	202001	0.0	1.4839096557180316	1.0057009593758666
COCK	201912	0.0	1.4827881414657686	0.6272012803036504
round	201905	0.0	1.482656590177732	1.2278027129613254
RAPIRA	202002	0.0	1.482561806230169	0.6775678590058475
funkefal	201906	0.0	1.4810379845495127	0.5803608621750793
ANAL	201905	0.0	1.4784266487499358	2.634680778788199
front	201905	0.0	1.4770032811126792	1.0849965523356
replace	201905	0.0	1.4752481605152643	1.1833313881149767
LesbianPride	201905	0.0	1.4733633123371397	2.3031053179244965
speech	202002	0.0	1.4719745687323496	1.59893633562161
para	201912	0.0	1.4686598503485633	0.6572483726811787
peepoClown	201912	0.0	1.4641730784435634	2.369290496759307
unique	202002	0.0	1.4640221979420718	1.6431395889867428
200k	201909	0.0	1.459712826679814	0.6722629996389594
smurfing	202001	0.0	1.4593065178394902	0.7922071104345265
monkeysW	201906	0.0	1.4586277671360741	2.047032300738216
Guys	202001	0.0	1.4528360612570208	1.4497464269030786
bow	201906	0.0	1.4483073699822875	2.5193578854697156
Stay	202002	0.0	1.4479290933138285	1.2133394481329236
pm	201912	0.0	1.4472492610927497	1.3634863100355044
Legends	202002	0.0	1.4452208258995676	1.5918065576573337
milk	201905	0.0	1.4438322601195752	1.1686933783958473
Hope	201906	0.0	1.4426441182376781	1.4616101142042488
sponsored	202002	0.0	1.4422205218039807	0.2750172842771438
Now	202001	0.0	1.4354847621847293	1.7072229303573494
üîî	201905	0.0	1.434323365639141	2.677417174068915
FeelsDance	202001	0.0	1.429294365556201	0.3085637544073593
Down	201905	0.0	1.4209132301020484	2.295272917879647
HON	201905	0.0	1.417241860841168	2.385231583406764
risk	201905	0.0	1.4052413439538416	1.5535751691263424
REEEE	201907	0.0	1.4026828672075744	1.9466942559925537
steam	201912	0.0	1.3997702078447511	0.2879693212530684
kek	201905	0.0	1.397281468902644	1.4234332148952087
shoot	201905	0.0	1.394041493967955	1.4461255342547918
poki2	201906	0.0	1.3915874583488073	2.34920503396256
everywhere	202002	0.0	1.385104412162137	0.46353843208182943
Main	201908	0.0	1.3840555417720122	1.954401792333269
work	201910	0.0	1.3829149216275876	0.32122530758670015
again	201905	0.0	1.376157857728614	0.7831956051411905
SPEECH	201905	0.0	1.3746102151848738	1.5251551521984001
Steam	202002	0.0	1.3727858382553464	0.9658819230762531
DIRTY	202002	0.0	1.3699228500633631	0.007862848522879542
wex	201905	0.0	1.3627794127016495	2.0789390301104187
sees	201905	0.0	1.3604762991271848	1.9700025092501396
Vici	202001	0.0	1.3524826722726173	0.3542774451430383
DIVINE	202002	0.0	1.347677575952712	1.2987919776806802
SCAM	201905	0.0	1.3462690321048878	1.1978747194632542
anywhere	201905	0.0	1.3414022217974129	1.1359458951081725
w/e	201905	0.0	1.340811943407752	1.6816053142720357
hardcore	201905	0.0	1.34072010642462	1.8449071643554023
thrown	201907	0.0	1.3375689534028654	1.101019577388189
zero	201905	0.0	1.3339741715566042	1.376436751417062
problems	201905	0.0	1.3243578996577288	1.5137066344251815
shoulder	201905	0.0	1.3203223036294442	1.6491466802513663
DING	201905	0.0	1.3183494393641388	3.003394575666236
proper	201905	0.0	1.317883015069753	1.7615509970338614
spicy	202002	0.0	1.3168375714473615	0.4732931556818885
square	202002	0.0	1.315561850510031	0.6155647068030797
FAR	201905	0.0	1.3124688773364614	1.3987696139110382
hey	201912	0.0	1.3078378702057918	0.0201966836927461
Poggies	201905	0.0	1.306130859671756	0.6900756448585134
envyLewd	201906	0.0	1.3005135640463932	1.7994052708846857
regret	201906	0.0	1.2980517534785996	2.623723471057837
quickly	201905	0.0	1.2946908877089789	1.4266470068588202
Ill	201905	0.0	1.2939250715401671	1.7554014878374942
ben	201907	0.0	1.290895695362018	0.18951194672562932
cookie	201911	0.0	1.2894867375335575	1.409595601717184
subscribers	201906	0.0	1.288053761999465	1.3150568299522345
TU	201908	0.0	1.287700443617	1.241998181579167
8h	201905	0.0	1.2861313886615813	1.0446789257978806
Omg	201905	0.0	1.2859206831988483	2.3067767984290417
MANGO	201905	0.0	1.2850959333889618	1.8492190420245345
normie	201905	0.0	1.282598572366206	0.929421420144631
double	202002	0.0	1.2761566726917344	0.5476376167458625
ü§£	201905	0.0	1.2749516885376304	2.13981286690458
fixing	202002	0.0	1.2745589842257932	0.3905619293776305
haha	201912	0.0	1.2706671435645922	0.48800959832243246
deposit	202001	0.0	1.2703892171684465	0.407382658230362
quote	201905	0.0	1.2687451902198628	1.8458046602921694
pepeSmoke	202002	0.0	1.2666280948394057	1.11346273271547
VisLaud	201905	0.0	1.2662766313211167	1.0487102070362075
Poki	202002	0.0	1.2647229580741413	0.22165571980331106
LGD	202002	0.0	1.2626231951232305	0.5201560616884269
whether	201905	0.0	1.249815390971333	1.9511459247600298
brutal	201905	0.0	1.2478975480845307	2.147968732279386
react	201906	0.0	1.2477138647671184	1.7539130079519267
REFUND	201905	0.0	1.2444300291553447	2.097925023657056
uwu	201909	0.0	1.2397864971373516	1.526141509342434
Thanks	202001	0.0	1.2393261214909304	0.9644662059926292
PAPA	201905	0.0	1.2375785221994113	2.4495649632869414
Ace	201910	0.0	1.2354022901896469	1.7931292147007227
hello	202001	0.0	1.232533649226871	0.06096596363255465
reduce	201905	0.0	1.2294285412670847	0.3901033886187886
ANIME	202002	0.0	1.2294268239712063	1.4503926349119254
taunt	202002	0.0	1.2293412641289168	0.13250575247891636
clock	201905	0.0	1.2282339784451586	1.5496300841772173
ayayaJAM	201905	0.0	1.228042052202955	1.4541307853689447
zone	201906	0.0	1.226182993864097	1.8441611159816147
BSJ	201906	0.0	1.2214641388835612	1.4457211211700203
monkeysS	201907	0.0	1.2210857956613628	1.662557819588234
loli	201905	0.0	1.220437666136674	1.122665706189419
suddenly	202002	0.0	1.2204080966265891	0.20223486680175623
original	201905	0.0	1.2203766832380103	1.600195899311932
griefing	201905	0.0	1.2158588606000171	0.9795729887511881
widepeepoHappy	201905	0.0	1.215299470486083	1.1253726364630705
cock	202002	0.0	1.2135075470739203	0.04128660827982924
agree	201905	0.0	1.212240725408542	0.584942076768357
FeelsGoodMan	201905	0.0	1.2096257829999142	0.6272415302213642
PEPEG	201907	0.0	1.2044545882892819	0.6472937886844906
si	201912	0.0	1.2040322677205437	0.5251025078369438
notail	201912	0.0	1.2024547374935843	0.5649621989371307
nose	201905	0.0	1.1978453170204286	0.7911103043025914
Dragon	201905	0.0	1.1964234467780592	0.8377601486603318
Riki	202002	0.0	1.1962466455172887	0.8185748877774419
2020	201912	0.0	1.193894694237159	0.30524431077964675
Official	201906	0.0	1.1923610530646105	0.9059970582782422
forsenHead	201906	0.0	1.1902149773107797	2.867453575859406
Madara	201905	0.0	1.1893473807765857	1.5727210613743579
duration	202002	0.0	1.1872255690964115	0.5692669313157274
working	202001	0.0	1.1871899700389885	0.017167012816316607
dotaplus	201911	0.0	1.1857024930534807	1.6270716187924927
Same	202002	0.0	1.1853978316415055	0.9293649014431768
degenerate	201905	0.0	1.1792926327742506	1.4321832844764257
mango	201910	0.0	1.1735542854337344	0.697995830985839
gottem	201905	0.0	1.1715429518180378	1.9386121590264904
DRUNK	201905	0.0	1.1700406439600832	2.1453298879043854
BTS	202002	0.0	1.167689607998494	0.519943024607861
POKI	202002	0.0	1.1669133012500699	0.3100284328702071
Mega	201909	0.0	1.164926348457268	0.6223819988135796
blizzard	201905	0.0	1.1621062835158908	1.7943922417105882
million	201912	0.0	1.1608291111558797	0.26245166640026996
RESO	201906	0.0	1.1594843310925471	2.2583399118528975
Some	201905	0.0	1.1579987113289183	1.6165722772784448
scum	201907	0.0	1.1579146781002077	1.5321750062323445
Star	201912	0.0	1.1572968294463026	1.8511141691269313
n0tail	202002	0.0	1.1550125523182742	1.2159849439694042
TREE	201908	0.0	1.1533854026666261	1.2228444961108154
staff	202001	0.0	1.1529585341974455	0.20134063840978283
allow	201905	0.0	1.1520834836682197	1.1583883369272507
delicious	201905	0.0	1.148386788891469	0.6472840014243467
legendary	201911	0.0	1.1460045452627288	0.6330759597878213
w	201905	0.0	1.1454747870424296	0.5326234509229085
refund	202001	0.0	1.1449724973509305	0.01802847181823107
tmr	201905	0.0	1.1437345927080687	0.4136975595786889
Let	201912	0.0	1.1394366752160898	1.3731810321436178
Super	202001	0.0	1.1348913889830214	0.3204029009813275
smol	201906	0.0	1.1334129995709987	1.9932472140614594
Force	201905	0.0	1.1322721839896839	1.5750265828650518
which	201905	0.0	1.1314047843893495	0.03340297030278134
gorgcEnt	201905	0.0	1.131044899588681	2.186588108523473
deaf	201905	0.0	1.1286310886422144	1.7991743017976796
ww	201905	0.0	1.1243554375677212	1.3888373255441486
business	201912	0.0	1.122283495939349	0.9272455594002684
misery	202002	0.0	1.121919591673135	0.6628753788492641
YOURSELF	201905	0.0	1.1215965024817596	1.88984706690156
BOIS	201905	0.0	1.1156911237124003	0.8910328940686985
vegan	201905	0.0	1.114741966202839	1.4950460547948254
corn	201905	0.0	1.1145618590438189	1.196179907851372
Our	201906	0.0	1.1135163642684571	1.980423409736071
order	201905	0.0	1.1122472639848304	0.7071065185847883
TI10	202002	0.0	1.1114632649962553	0.07432265425028282
Lizzard	201905	0.0	1.1108035104162493	0.6825685441072201
Hit	201905	0.0	1.1099045135459669	1.8620680202518298
nepSmug	201912	0.0	1.1075027705584415	0.19250848994835534
pocket	202001	0.0	1.1060591114038687	1.3868492501041716
TANNER	201906	0.0	1.1005704482384437	1.2976595550314771
Best	202001	0.0	1.0995074661963269	0.328569365316116
shitting	201905	0.0	1.0950692407723477	1.0903001458214512
KID	202002	0.0	1.0949963836774959	0.9311559656017608
üí§	202002	0.0	1.0936492197678795	1.0701070609613346
hilarious	202001	0.0	1.0927881855506096	0.8146001735529509
Pinoy	201905	0.0	1.0927296504343533	1.1611573927178536
stolen	202001	0.0	1.0924893584555293	0.01657415088608145
dadMlem	201905	0.0	1.0912415114497453	1.095375410839098
coach	201905	0.0	1.0899119828282227	0.1954212751115733
‚úä	201907	0.0	1.0845471856513924	1.9860615232562548
Trent	201906	0.0	1.0837479822294824	1.6140870062872081
quinn	201906	0.0	1.082341708146823	0.6647646619186245
slapped	202001	0.0	1.08098259074078	0.40681623849889326
fart	201911	0.0	1.0783925631750106	0.7317962160573298
mines	201905	0.0	1.0767398456674817	1.2304138186368752
ape	201905	0.0	1.0765317613828818	1.4911619491354013
meaning	202002	0.0	1.0763966475711475	1.7008408991767976
singsingTub	201906	0.0	1.0750470343376244	2.093607718198405
EGGS	201905	0.0	1.0727121410868103	1.7360423973209747
random	202002	0.0	1.0724193578144416	0.36734613931390525
Subscribe	202001	0.0	1.072176469785412	0.4009456064745381
roar	201905	0.0	1.0689815044085362	1.7029251411224426
Bat	201912	0.0	1.0660911971636493	1.9724513206339427
means	201905	0.0	1.065025308787977	0.9885153952649588
daily	202002	0.0	1.0649230421793132	0.4744375735251856
DxCat	201905	0.0	1.0629057996825746	1.5073439269603102
anti	202002	0.0	1.0627586996077645	1.0969613782263645
Zai	201912	0.0	1.0615788348627406	1.68652248002083
ja	201905	0.0	1.0605456580529788	1.7667317149585104
TINKER	201905	0.0	1.060361172490244	1.8688827997441098
AUTO	201906	0.0	1.05883177079713	1.2424697984808848
jack	202002	0.0	1.0579093736110288	1.3009906208197681
SHAME	202002	0.0	1.056002893061817	1.489858838680681
learnt	201906	0.0	1.0559104932540775	1.4480205807499653
Whos	202002	0.0	1.0548803751673348	0.7264563297944866
exists	201905	0.0	1.0544642678377294	1.7272946201942576
lot	202001	0.0	1.0480430795895805	0.45997271233996573
BS	201911	0.0	1.0479463269995544	1.438416810216043
sword	201910	0.0	1.0471371717169982	1.2285996570368534
CANCEL	201905	0.0	1.0459120082765265	1.1379293267416102
log	202002	0.0	1.0455787658197355	1.7210522498985228
chats	202001	0.0	1.0452341180553775	0.5577139805886835
you've	201905	0.0	1.0446056037174474	0.7466456275742929
PERU	201905	0.0	1.0444580620172728	0.9607301589880786
muting	201905	0.0	1.0436601845176527	1.575192098079955
Much	201906	0.0	1.04269490096832	1.4310961492467833
HAHAHAHAHAHAHA	202002	0.0	1.0405441813489984	1.383783497726119
dancing	201912	0.0	1.0380332301148167	0.8022185265280457
BLAMING	201905	0.0	1.0343739982112305	1.100143257708289
updates	202002	0.0	1.0341429124336352	0.19978208618070722
40k	201906	0.0	1.0332418599430089	1.1069016597676078
oops	201911	0.0	1.0330022121655595	1.2541159870139222
app	201905	0.0	1.0308987104117735	1.2625111618283378
aquila	201909	0.0	1.0303969352449294	1.2564724993015803
posted	201905	0.0	1.0302029772119348	1.1465379518801746
SOMEONE	202002	0.0	1.0296420284500984	0.17233523812889426
Beyond	201906	0.0	1.026234978030679	1.018212049095513
BRING	202002	0.0	1.0256465834442479	0.5925932357920934
noobs	202002	0.0	1.0250349539255361	0.6624269278029282
legends	202002	0.0	1.02449507723481	0.5199236160849798
Internet	202001	0.0	1.023809090992183	0.7953168521789172
crown	201905	0.0	1.0237979142567841	1.3211895149478077
DOWN	202001	0.0	1.021966607423564	0.04327520486141407
Final	201907	0.0	1.021671368281417	1.6045839124298185
typed	201905	0.0	1.0215354570172912	1.4267054644485713
falls	201905	0.0	1.0193173888845937	0.7577748064356553
Dutch	201905	0.0	1.0193120134051337	0.9061216003425364
bubuZ	201906	0.0	1.018418322422249	0.2777937898103209
ogre	201907	0.0	1.0183485290882892	1.0696369738958087
opposite	201905	0.0	1.0179527999002156	1.3974709384367634
hanging	201905	0.0	1.0150721890399905	2.036423168952607
everything	202001	0.0	1.0135343355294066	0.1464647258015612
joy	201908	0.0	1.0122210461579488	1.142006706091586
yung	201906	0.0	1.0120858267234667	1.3328060676090923
eventually	201905	0.0	1.0084345362713418	1.1021649733318777
Gaming	202002	0.0	1.007725291602119	0.5014914560725464
bubuBurp	201905	0.0	1.0049132788675417	1.7027593966620895
KONTOL	202001	0.0	1.0021710369858994	0.8762193107448174
MEGACUCK	202001	0.0	1.0008175222713165	0.0018514129519084182
photo	201906	0.0	0.9999482265193591	1.0726415297810363
ang	201905	0.0	0.9982518647191823	0.8000458334528621
8k	201905	0.0	0.9979929376656801	1.82593320619489
undying	201906	0.0	0.9936027533962678	0.8602687144656844
stout	201910	0.0	0.9928610051928817	1.9489877257033037
Clock	201906	0.0	0.9919996327619858	2.17311255566197
plastic	202002	0.0	0.9892377833390664	0.6194792917004233
murder	201905	0.0	0.9874889418054515	1.430937106210202
correctly	202001	0.0	0.9873197424633805	1.8134236146692935
esports	201906	0.0	0.9869702669446532	1.4026507890339641
TEAM	201905	0.0	0.9868071166578781	0.2161510241736689
Legend	202001	0.0	0.9865106735732183	0.2819912002400667
CHAOS	202002	0.0	0.9860704476971048	0.9686950172162013
Rich	201905	0.0	0.9857047682642956	1.360239414147003
requests	201910	0.0	0.9847156190823253	0.17119304801863183
DIG	201907	0.0	0.9837289809872429	2.894259518423047
Bulba	201906	0.0	0.9828423463956173	1.708473914341471
rolling	202002	0.0	0.9804717316094167	0.49766226867587987
IT'S	201906	0.0	0.9781967767338208	0.8383713607918825
POST	201905	0.0	0.978097761866918	1.743187290261261
FLAMING	201905	0.0	0.9776113979327561	1.2895479117109536
bros	202002	0.0	0.9774714958329652	0.31940343442848584
envySwag	201905	0.0	0.9774395766656473	1.0778475329772137
Khezu	202002	0.0	0.9716586075237292	0.9210466368718851
HoN	201905	0.0	0.9673281993892712	0.3196594712687443
whispers	201907	0.0	0.96487261684832	0.7934256975868164
offlaners	201905	0.0	0.9637871178448383	0.2854588010734916
windows	201905	0.0	0.9635928313405167	0.9136257209029796
cuties	202001	0.0	0.9634208799758754	0.2689459182837734
choose	202002	0.0	0.9634001049323342	0.2821157802692469
PROUD	201905	0.0	0.9624452172070989	1.8079195572244464
scare	201906	0.0	0.9608065178559471	1.6449774736679905
among	201906	0.0	0.9598455697144435	1.1229244849848983
bh	202002	0.0	0.9569817341239109	0.2721859232921309
Check	202002	0.0	0.956526855460328	0.036133531287105905
envyW	201906	0.0	0.9548995489219131	1.1613656777906955
leak	202002	0.0	0.9547998430708791	0.9757444210621933
haste	201905	0.0	0.9499742699554774	1.2011462812802667
üçï	202001	0.0	0.9499075214718979	1.863889014913109
0-5	202002	0.0	0.9496241091756691	1.2239641302291844
help	201905	0.0	0.9470853516837752	0.9761531051280229
wash	201905	0.0	0.9457827747535912	0.7840286831065063
ENERGY	201906	0.0	0.9450900824693131	1.5242049485918376
succ	202002	0.0	0.9448904759539285	0.7143342230740555
FACE	201906	0.0	0.9439191930909364	1.6215720653269854
Limmp	202001	0.0	0.9415324902976683	0.2710909836714161
NOOOO	201905	0.0	0.938991555603383	2.3418701504066113
partner	202001	0.0	0.9381072601379462	1.4280290315478683
pray	202002	0.0	0.9380664637981759	0.9970846628089108
clean	201905	0.0	0.9379485697423207	0.6836184882682401
boomer	201906	0.0	0.9374701985491789	0.317753489372321
Rae	201905	0.0	0.9358878860030575	1.2694724291631705
closed	202002	0.0	0.9350726999889578	0.44890531917170595
Moon	202002	0.0	0.9349066488646944	1.4712611353848497
trust	202001	0.0	0.9327484892344002	0.19606240441743886
bank	202002	0.0	0.9321641206365123	1.78953990376366
created	202002	0.0	0.9320334120928947	1.1493895069173963
admiralJoker	202002	0.0	0.9302832391321155	0.9509316520686955
shop	201905	0.0	0.9300820004636239	0.2359312385818464
TODAY	201905	0.0	0.9290482595566731	0.9089784571404909
HENRIK	201912	0.0	0.9265424159313493	0.6728435632288298
console	201905	0.0	0.9219352232348339	0.9929554211406435
nowhere	201907	0.0	0.9218299759449216	1.7978956248753082
real	201910	0.0	0.9208926997155521	0.39669155421106356
Smurf	201906	0.0	0.9201383195874988	0.7917316402624118
us	201905	0.0	0.9196643474698831	0.36119691284593697
admiralHappy	202002	0.0	0.9190867114846444	1.4666681655289198
doo	201906	0.0	0.9190343034861976	2.3723494809075603
bat	201912	0.0	0.9181952281409124	0.20098004190476043
first	201906	0.0	0.917725680563486	0.8220629208817076
terrorblade	201905	0.0	0.9169985658033744	1.3157302638014035
MSS	201908	0.0	0.9154674322938897	1.085692727088667
spread	202002	0.0	0.9145559383827668	0.34369788169327564
colour	201905	0.0	0.9144106184295306	0.8502331643496198
hentai	201911	0.0	0.9137319115648159	0.0517421044964016
Arc	201905	0.0	0.913453088230167	0.15058659622696768
NG	201905	0.0	0.9122321364603216	1.3145209940526303
george	202002	0.0	0.9095778852420326	1.702992505189844
mom	201905	0.0	0.908766880974731	0.09523551156886136
hotel	202002	0.0	0.9082648087744956	0.17324401367085804
touch	202002	0.0	0.9080411840174499	1.485453788993353
eggs	202002	0.0	0.9052173215220658	0.02675487635981426
SMASH	201907	0.0	0.9007263744037575	1.1593949633719847
GAYCHI	201911	0.0	0.898701905442358	0.5223655866216419
forsenJoy	201911	0.0	0.8986118414865218	0.2548719479772622
Pango	201905	0.0	0.8972662488431988	1.1263526607618393
absolute	201908	0.0	0.8930558857495307	1.139481617717684
DrinkPurple	202002	0.0	0.8925484117574324	0.9799553855207099
PROBLEM	201905	0.0	0.8908818951737996	0.9539039172232983
FeelsStrongMan	201907	0.0	0.8893192189860442	1.6432936754729648
frame	202001	0.0	0.8889843704146184	0.6752161534330131
KARMA	202001	0.0	0.8887251879731801	0.6187534769496981
sam	202002	0.0	0.8878563889192383	0.38233317234715536
hots	202002	0.0	0.8857805887456154	0.6793945435123074
bsjBSJ	201905	0.0	0.8855576161335794	2.0471646937580124
monday	201905	0.0	0.8853059299210012	1.3634589372468642
BLAME	201905	0.0	0.8843073101305935	0.5490619544063722
dodge	201908	0.0	0.8827395588170927	0.00788366515234669
deaths	201912	0.0	0.8814450516627339	0.4309589190889451
mark	202001	0.0	0.8801516763173568	0.8944157185800866
sniper	202002	0.0	0.8780749778175357	0.08518046695668036
infinite	201905	0.0	0.8752701768593724	1.076243044072633
GL	202001	0.0	0.8746247604446895	0.7277092528138068
SLOT	201905	0.0	0.8742741030874552	1.5840097950689234
PAID	201905	0.0	0.8741331993501933	0.19226983791036317
raging	201908	0.0	0.8732782789881898	1.7388584270299536
1v1	201905	0.0	0.8730705343052236	0.9650949923561618
monkaEyes	202002	0.0	0.8725562214196312	0.27750933861508165
PING	202002	0.0	0.8714524207879959	1.669737028743052
stomped	201905	0.0	0.8711252450926548	0.7602504280502526
thank	201911	0.0	0.8703069283252487	0.7713763028682593
VOICE	202002	0.0	0.8697067572849696	0.33929831205946703
circle	201905	0.0	0.8694760191014319	1.1835757637646813
LEAST	201905	0.0	0.8681041657732247	2.0051293310634097
salt	202002	0.0	0.8650609739268824	0.5671043651956422
beastmaster	201905	0.0	0.8649705470133768	0.7520849343665468
scroll	202002	0.0	0.8636139123323987	0.09592137185466447
tipped	201911	0.0	0.8619136357931358	1.470482223651364
Cant	201912	0.0	0.8611428817811687	1.0081178435568838
locket	201906	0.0	0.8596076908649191	0.9862559230754083
TURN	201907	0.0	0.8582216638369443	1.1167499782931256
fall	201908	0.0	0.8570429801866928	1.1547103525563889
wisp	202001	0.0	0.855159436656628	1.0675545971199505
STOLEN	201912	0.0	0.8549601682679939	0.9578316797918823
dd	202002	0.0	0.8540646263318061	0.7734802123731567
Henry	201905	0.0	0.8540000794570396	0.859254660543642
MAP	201905	0.0	0.8539593278742899	1.0957195082595548
NEWS	202002	0.0	0.8529091025447975	0.8630578522076263
Sometimes	201905	0.0	0.8528700510431692	0.7983076944509289
emote	201905	0.0	0.8519166651590365	0.11919670449421862
waiting	201910	0.0	0.8511353699450044	0.020352482722626734
unmute	201905	0.0	0.8486155276406422	1.6085752790004921
NEUTRAL	201907	0.0	0.8473525479368038	1.5953722418224972
WELL	202002	0.0	0.8466437923091672	0.4266051547168437
automatically	202002	0.0	0.8464292161340494	0.9964110728971538
VOID	201905	0.0	0.8461085542904101	0.5647162092053709
reduces	201905	0.0	0.8441598346261994	0.04563871695131484
Z	201906	0.0	0.8425493610271428	1.0637924731267916
Nope	201905	0.0	0.8416409587668299	2.0098760873512007
beastcoast	201909	0.0	0.8416396736315364	0.3821534255542189
wo	202002	0.0	0.838992140428531	0.4247713918079213
dank	202002	0.0	0.8389062313711613	2.541290334686492
Malding	201910	0.0	0.8380256195488072	0.2914348101785962
SWEDE	202002	0.0	0.831680390188251	0.3342461593857256
With	202001	0.0	0.8310260033042405	0.3750199583805733
donations	201905	0.0	0.8299394133546204	1.8171029007061716
victory	202002	0.0	0.8293742874430845	0.8601961225926936
Make	202001	0.0	0.8277533384002282	0.9346022939262612
road	202002	0.0	0.8270632238152607	0.2573043812891289
Actually	201905	0.0	0.826830989650329	0.6074308261683361
ti10	202001	0.0	0.8256408024646431	0.1961858013450152
gas	201906	0.0	0.8231033033931685	1.9990801613812983
jam	201905	0.0	0.8229665009323895	0.8698260852251437
TIMBER	202002	0.0	0.822535496241278	0.3377821639191053
RIKI	202002	0.0	0.8216917997766539	1.230846849113962
massive	202001	0.0	0.8213717247963314	0.27991432789134774
subscriber	201905	0.0	0.8197153891022003	0.9003524093477263
3000	201905	0.0	0.8190936946926766	0.48063104135281626
breathing	201905	0.0	0.8187619866632148	1.2945440870483491
argument	201905	0.0	0.8186556254676395	0.6335052036518337
remake	201911	0.0	0.8154785680284423	1.487800767282442
Build	201905	0.0	0.8153679785820918	1.0036373421290474
CUMBACK	201906	0.0	0.8134688318415718	1.4570909490278134
reminder	202002	0.0	0.8133071344031557	1.0310459244818864
LINE	202001	0.0	0.8120347838713242	2.7404661120231246
maelstorm	201905	0.0	0.8116713548468582	0.3282348558170579
forev	201906	0.0	0.811300178715822	0.953590418319277
perhaps	201906	0.0	0.8104780370809885	1.9237428671870578
THANK	202002	0.0	0.8067758409293617	0.1507876676906935
Perfect	201905	0.0	0.8060674854059731	1.8151717370353349
tbf	201905	0.0	0.8056820606057733	0.2608172076525213
Add	202002	0.0	0.8053929848717769	2.194472475088787
user	202002	0.0	0.804908727825009	0.1945993255647539
tak	202002	0.0	0.804383382277104	0.20832137957728056
naruto	201905	0.0	0.8013010444657783	0.8144715618852874
High	202002	0.0	0.8010751432394156	0.39323208545494825
Big	201905	0.0	0.8007788646501389	0.9086976314642355
defending	201906	0.0	0.8005342095485142	1.47162026161477
student	202002	0.0	0.7997427195206609	0.1674219134776438
SPOILERS	201905	0.0	0.7948632300038486	1.2221641918730177
unlike	202002	0.0	0.7937994751957407	0.8566471029322054
bobo	202002	0.0	0.7927554071995317	0.6583755699031635
pushed	202001	0.0	0.7927472817158099	0.4701796330128914
matumba	201905	0.0	0.792573224899358	1.0273743330043004
numbers	201905	0.0	0.790995447996043	0.6374385970830088
lacks	201905	0.0	0.7906939283096149	1.444409402816059
noise	201905	0.0	0.7901148991430882	0.5718308417462568
GAS	202002	0.0	0.7885588818382003	0.8241615740048861
khezuWoo	202002	0.0	0.7866948295839106	1.0257133757364034
blast	202002	0.0	0.7864060723780663	0.2114957005783812
relax	201905	0.0	0.785554172313984	0.8797363660288329
4Heed	201912	0.0	0.7855372130292211	0.5584293167383921
squad	201905	0.0	0.7852885245966466	1.256027412765864
HUGE	202001	0.0	0.7842981986515613	2.870121026640827
kidding	202002	0.0	0.784086512562834	0.3807409884642123
insta	201912	0.0	0.7834791387763616	1.1366708749671057
steps	201905	0.0	0.7833400688178266	0.7533643532230211
r	201905	0.0	0.7812946479346252	0.01638883149435664
Morphling	201905	0.0	0.7803533173030238	0.6712307518863537
breath	202001	0.0	0.7800574085765362	0.5564480023354661
giga	201907	0.0	0.7797771333208721	1.0683422559802296
ggs	201905	0.0	0.7757576868793882	0.06997954034187936
admiralB	201905	0.0	0.7734162164299347	1.1135222514159944
cheating	201905	0.0	0.7732124821519559	1.2732008771620418
godlike	201905	0.0	0.7708232068340881	1.5560496445136898
pet	201906	0.0	0.7690251425758792	0.7255194742036052
singsingBald	201911	0.0	0.7686484062496958	0.9879012448174326
dadPuck	201905	0.0	0.7679756065697443	1.0205192063128194
purge	201911	0.0	0.7676305306740006	0.1591173526277071
Reddit	201912	0.0	0.7675887832780075	0.2924806767340136
Am	201912	0.0	0.767550367256717	0.2312049791939424
BLOCK	201906	0.0	0.7638644512885295	0.9395262236928092
champion	201911	0.0	0.7633661183526061	0.9451669477730493
positive	202002	0.0	0.76192498456419	0.2152079801666343
reported	201906	0.0	0.7618056020442263	0.34906249475174556
confirm	202001	0.0	0.7617206994574541	1.1458330153819578
Pls	201905	0.0	0.7616252223260191	1.319691854422929
urself	201905	0.0	0.7605909351318166	0.7444959929896019
news	201911	0.0	0.758992875817657	0.7707398621793762
RANKED	202001	0.0	0.7585191399592753	0.6178808843904083
juked	202002	0.0	0.7580087223661605	0.03849680436733838
advice	201905	0.0	0.75780011755349	0.862661935667057
offense	201905	0.0	0.7576808545908276	1.8936864696982332
TakeNRG	201905	0.0	0.757300453292457	1.0429770075770481
watches	202001	0.0	0.755830950332965	0.25702976460462595
prediction	202002	0.0	0.7546612553622298	0.34954920883859325
Keyboard	202001	0.0	0.7541494962520032	2.461527125287716
logic	202002	0.0	0.752952553639062	0.3927178737663798
Yawar	201908	0.0	0.7529290372007886	0.9480961119274106
HEX	202001	0.0	0.7529025832277589	0.47216256597125617
waited	202002	0.0	0.7527735564863743	1.0825682459932773
PLAYSOUND	202002	0.0	0.7519723943031262	0.13884754441421845
fish	201905	0.0	0.7513955477426946	0.5930057854722608
DIE	202002	0.0	0.7494402115689431	0.2184873355268564
moments	202002	0.0	0.7493518891131822	1.6180509906327696
Facebook	201907	0.0	0.7486565988534679	0.8036630656588659
possibly	202002	0.0	0.7469922507712425	0.8392216744183947
impact	202002	0.0	0.7453741642809877	0.3392827852411621
QUE	202002	0.0	0.7439735912802712	0.2674625738295523
chrono	201905	0.0	0.7428878366436135	0.22206349357473176
EX	201912	0.0	0.7416658185101317	1.0410569185067988
PepoG	202001	0.0	0.7393701883109067	2.0717636646674866
Pepege	201907	0.0	0.7390974201908991	0.10075001686790139
EE-sama	202002	0.0	0.7372951554343415	0.4248458292015595
nymnWeird	201912	0.0	0.7361752001167152	2.308928972420194
kontol	201912	0.0	0.7359987793437943	0.27135352522142275
lay	201906	0.0	0.7348321263454493	1.9936698420079713
FINISH	201912	0.0	0.7317571096756335	1.2473226830305633
flex	202002	0.0	0.7311310412841977	0.3006511479562953
allows	201906	0.0	0.7294742696517144	0.11673391490395821
helped	202001	0.0	0.7292353705283632	0.39563281206450823
according	202002	0.0	0.7291720428763013	0.4617192826489587
coast	201905	0.0	0.7276211980458169	0.7315885571725556
vip	201911	0.0	0.7274316942056699	0.10813014802442708
pussies	201909	0.0	0.727240093031667	1.780049778957621
blocked	201905	0.0	0.7272005336141132	0.35587658444223547
pass	202002	0.0	0.7260381708221513	0.36317581858565734
7h	202002	0.0	0.7214623485565603	0.04501258800188078
necessary	201905	0.0	0.7209301396334289	0.9085610011760329
mother	201911	0.0	0.7200761046358745	0.3040488478220872
goat	201912	0.0	0.7195204909302112	1.5042083280261387
further	202001	0.0	0.7178772596610643	1.3562660638415363
PowerUpL	202002	0.0	0.7167628061561447	0.2515786387036304
wolf	201905	0.0	0.7165472067001759	1.36166715480963
Item	201908	0.0	0.7164020413861486	1.1919769123351485
pepeBASS	201911	0.0	0.7157660451025969	0.12950863264031384
HEARD	202002	0.0	0.7155943646224496	1.278756673678265
2B	201905	0.0	0.7146421233237813	0.6691205475190635
relevant	201905	0.0	0.7141047482939664	0.8613696790653823
favorite	201909	0.0	0.7136380356673803	0.04678481646161293
LOT	202002	0.0	0.7132264142465548	0.8620983861706083
pepeJAMMER	201905	0.0	0.711454060197737	0.3280429773754043
clicked	201905	0.0	0.70847869522173	0.20796925406301278
fb	201905	0.0	0.7073164651873736	0.5169790536782599
raffle	202002	0.0	0.7059392904008728	0.0678977481699368
illusion	201911	0.0	0.7048823191997434	0.22331110638579946
officially	202002	0.0	0.7044448676607821	1.7758043779528982
yess	201912	0.0	0.7001414869246786	1.6755221885741416
jakiro	201906	0.0	0.699886011114212	1.0053727938559507
entertainment	201907	0.0	0.6980778020375338	0.7422892415652449
lives	201910	0.0	0.6980079820857792	0.5500804537765772
pair	202002	0.0	0.6975461386413262	0.7594325518473536
French	201906	0.0	0.6972861936166347	1.6062324886232222
theme	201905	0.0	0.6972823080896576	0.4594590778176622
DATGUY	202002	0.0	0.696374149693887	0.710755291454774
Malaysia	202002	0.0	0.6961620290751087	0.6677293362540546
NAGA	202002	0.0	0.6941254508508445	0.7112809199215078
war	202002	0.0	0.6935296224230962	0.2798963585938981
dicks	201911	0.0	0.6898659896563267	0.6294835748307236
5head	201912	0.0	0.6894248517395422	0.14243084190345223
heaven	201905	0.0	0.6893691874086634	1.7089297671944073
power	201905	0.0	0.6888402012150685	0.5506545225475526
flip	202002	0.0	0.6878852276479803	1.116118275316736
10min	201909	0.0	0.6875800441892124	1.1921823805614729
BKB	201910	0.0	0.6860086789793117	0.24985391797238418
TILT	201905	0.0	0.6847668169080348	0.8333595530020478
BULLIED	202002	0.0	0.6835365818425195	0.3893910246089897
past	201911	0.0	0.6832861183568928	0.8900987494395268
legal	201905	0.0	0.682486761499264	0.2555642774111211
admiralS	202002	0.0	0.6821745645578184	1.696934534359733
ARTEEZY	202002	0.0	0.6813261649659947	0.8630640172678357
Top	202002	0.0	0.6805948945925504	0.4884370552471309
don‚Äôt	201907	0.0	0.6789066651261848	0.0111725902706019
login	201909	0.0	0.6788221724280227	0.4115922551745811
TIMING	202002	0.0	0.6763817835157823	0.04813621850792718
ASMR	201905	0.0	0.6759211728714708	0.5121857605641185
ideas	201906	0.0	0.6752935263994126	0.9373074269736232
masonxdNoob	201905	0.0	0.6727387726563473	0.8703565591964538
legacy	201909	0.0	0.6697893519848528	1.5927101233770136
redeem	201909	0.0	0.66910636700181	0.5327315662139923
that‚Äôs	201905	0.0	0.6687445946652286	0.6052601010022447
raid	202001	0.0	0.6678404747090405	0.08044551395532806
boss	202001	0.0	0.6669780047386193	0.5649695807607046
roshan	201905	0.0	0.6666685706526826	0.43116973079622234
WAT	201905	0.0	0.6658073447341756	0.689167374385596
sucking	202002	0.0	0.6639085621292262	0.15997726077156654
studying	202002	0.0	0.6629910687078274	1.1015726149273593
Stupid	202002	0.0	0.6623961157177047	0.8137841793236875
Louder	201906	0.0	0.6620678520206986	0.6708575481475004
BULLYING	202002	0.0	0.6620405050358653	1.1070631718826511
Clip	202002	0.0	0.6616737563597999	0.14114460018109176
AEGIS	202001	0.0	0.6614193952165269	0.35798515169812795
ich	202002	0.0	0.6613583133271789	0.5782313855311793
CRINGE	201905	0.0	0.6610048661227714	0.5961822104275215
KKooler	202002	0.0	0.6609091275321481	0.9185016086832599
HOPE	201912	0.0	0.6605512136211222	1.6000328601862157
view	202001	0.0	0.6604364040686054	1.5434369358600801
THOUGH	202002	0.0	0.66002466373158	0.12167260001335603
mail	201905	0.0	0.6599506200311241	0.471866529308249
abt	201905	0.0	0.6594839914930102	0.9119267828729971
2014	201905	0.0	0.6594679099490568	1.1801744490229664
captains	201905	0.0	0.6568715841854937	1.8548091923228913
BloodTrail	201908	0.0	0.6561296470630358	0.4431053487283379
period	201905	0.0	0.6559629936311102	1.3047351935282936
scrubs	202002	0.0	0.6558259636697873	0.28295925184010473
waifu	202002	0.0	0.6555279582753258	0.9911646066590377
sessions	202002	0.0	0.655490348975406	0.341483026729193
leaves	201905	0.0	0.6541340904213899	1.4203792070102506
FLAMED	201905	0.0	0.6533283280289286	0.709029429419425
forever	201906	0.0	0.6531681286693962	0.6426205480566979
afraid	202002	0.0	0.6531208907624408	0.9034490433433406
PART	201907	0.0	0.652227300430776	1.4181251539946118
chances	201905	0.0	0.6521066183661184	1.01425553288235
GuitarTime	201912	0.0	0.6516916906260893	0.13097506606269588
wd	201909	0.0	0.6473207158327126	1.0703276532244421
WK	202002	0.0	0.6465712171611178	0.5164574822339723
hill	202001	0.0	0.6445965590603266	0.9453308681520424
57	201910	0.0	0.6440190488408915	0.3201991173741357
golem	201905	0.0	0.6410936655024357	1.7828343738577177
thousands	201912	0.0	0.6407427311567482	1.3907460210306404
manager	202002	0.0	0.6395088388470397	0.555675713580976
Glap	201905	0.0	0.6394732867108237	1.0612772133599975
NOOO	202002	0.0	0.639338000997124	1.6681838902414343
review	202002	0.0	0.6393325247447099	0.4828859893675626
üìù	201905	0.0	0.6386591149442191	2.1188832158100808
Underlord	201906	0.0	0.6378725530309607	1.2773836384685928
breakfast	201905	0.0	0.6378235700413699	0.5646563761429199
loves	201905	0.0	0.6357591566719365	0.4125295540109166
comfortable	201905	0.0	0.6344886006129415	0.44629649181476105
potm	201905	0.0	0.6337037598606612	1.1214564364406459
Cr1t	201908	0.0	0.6329286712443611	0.4316214639365904
terms	201905	0.0	0.6312141081958085	0.21573998708181108
YOUTUBE	201906	0.0	0.6298788757672565	0.9597044359454785
Alch	201905	0.0	0.6296406623346625	0.4084329378193384
War	202002	0.0	0.6292501321744213	0.441375497300515
champ	202002	0.0	0.6283670223659987	0.49929920632923125
utility	201906	0.0	0.6270179625416273	0.4761076365437049
JOKE	201906	0.0	0.6260197767070943	1.1243225654982778
CALM	202002	0.0	0.6251020800226893	0.9191811353196631
mode	201906	0.0	0.6247192650181816	0.5086440807226219
none	201905	0.0	0.6245430650621033	2.1985712266861017
CHANNEL	201910	0.0	0.6245340509442867	0.7363498488958232
oy	201906	0.0	0.6219962237396766	2.4808243280078663
Blade	201905	0.0	0.6216064591620987	0.5255679637081239
lock	201910	0.0	0.6187718801457036	1.0767110622908969
uninstall	201905	0.0	0.6184022991381406	1.2013056068680197
knowing	201910	0.0	0.6173853904811828	1.5824082538806123
CHINA	202002	0.0	0.6164214468586646	0.6130459372042348
thread	201905	0.0	0.6163187161725703	0.784375302226913
Sky	201906	0.0	0.6146594755820983	1.0987117663783255
antimage	201905	0.0	0.6144466002297019	0.7889074847734995
drinks	202002	0.0	0.6133197510556677	0.3696751620596416
u're	201905	0.0	0.6131579306490631	1.0383389136325596
sharing	202001	0.0	0.6130157074665625	0.815610311935648
MOM	201906	0.0	0.6120871918298857	0.7199385131163909
summer	201906	0.0	0.6111252423830529	1.7416024920841562
BY	201907	0.0	0.610366171824146	0.03353502923931732
Morning	202002	0.0	0.6098163382099967	0.44228952456043485
hundred	201905	0.0	0.6097072662194857	0.7730260477335463
Vs	202002	0.0	0.6090351342790912	0.9070786654576765
snowball	202002	0.0	0.6068213134964006	0.04346264619814957
PURGE	202002	0.0	0.6063253064947112	1.5426007004356972
quick	201906	0.0	0.6061541585101281	0.4486754473058832
LD	201905	0.0	0.6052499114192977	1.0915515967330252
could've	201905	0.0	0.6050932892286196	1.0864740392608783
DICK	201910	0.0	0.6048790019474499	0.4061428651071842
1.5k	201905	0.0	0.604023886770483	0.7083877714048628
coaching	201905	0.0	0.6033236550405	0.2777806832164951
gorgcSmart	202001	0.0	0.6026968607687321	0.4184190289277482
traps	201905	0.0	0.6012319754051685	0.982076578310686
JO-oooooooooooo	201907	0.0	0.6001117476400031	0.5593396041296147
access	201905	0.0	0.5951037677995052	0.5135041511470936
hol	202002	0.0	0.5949020787228668	0.5063963323079544
ITEM	201911	0.0	0.5930563995687668	0.366579666039761
crusader	201905	0.0	0.5910134133679187	0.07325912574964195
gambling	201911	0.0	0.5906990349471336	0.4802906338023828
translate	201905	0.0	0.5891404375318214	0.10695728991848505
WARS	201905	0.0	0.5871327853775201	1.6636017521013922
clue	202002	0.0	0.5869703356211584	0.7267175456789103
FUN	202002	0.0	0.5858675228325592	0.3384137400872138
envyYay	201907	0.0	0.5847316951187036	0.5660990849323984
allies	201905	0.0	0.5845003579694438	0.6746753940181195
KappaClaus	201905	0.0	0.5825765777482228	1.1746296893237107
nuke	201910	0.0	0.5815986346100679	0.3489118738116572
50/50	201912	0.0	0.5806412263675148	0.817168027891945
Omni	201907	0.0	0.5805142949074876	1.277026435340964
roam	201905	0.0	0.5792741525845735	0.2685666208444692
natural	201905	0.0	0.5775178706147827	0.642955847328264
‚ùó	201905	0.0	0.577060472511838	1.5916507751630191
GOAT	202001	0.0	0.5764365179247404	0.4194284714631094
hunter	202002	0.0	0.5762851266016356	0.007915365702440265
blames	201905	0.0	0.5756252128162505	0.5042203981582665
cow	201911	0.0	0.5755635212789534	0.6367944298686709
russia	201905	0.0	0.574622565464135	0.24569663626113278
Power	201906	0.0	0.5737739219778965	1.2727074647378351
SONGS	202001	0.0	0.5732335482947167	0.18563165285144712
let	202001	0.0	0.5718028256137505	0.7743479566080844
already	201910	0.0	0.5714756916108188	0.17666453881791755
movement	201905	0.0	0.5708300790836279	0.08789644773242129
posts	201905	0.0	0.570604883462202	1.0919330611618325
SNITCHES	202002	0.0	0.5698800913821718	0.8132357173006229
AF	201911	0.0	0.5697057281241915	0.35924081779085226
EATING	201905	0.0	0.5672028798182358	0.43290947451630557
GREEDY	201905	0.0	0.5642465410067719	1.3498639943252548
Request	201907	0.0	0.56365703829245	0.7475241971520613
program	201905	0.0	0.5629993695823867	0.3349822371470367
tournaments	201905	0.0	0.5609977414736613	0.9161059274265769
msg	201905	0.0	0.5602011486999321	0.534220374727639
et	201905	0.0	0.5601353101935644	1.0611564010078451
pillow	201906	0.0	0.5592456809550254	0.626813808418511
15k	201910	0.0	0.5582789300704846	0.7016719333162232
stress	201905	0.0	0.5567462338189167	0.588452512344274
48	201905	0.0	0.5553549992650859	0.09398704084813753
heat	201905	0.0	0.5547872644487675	1.0679835597544254
mids	201906	0.0	0.5546700397844441	0.4760930945068357
giant	201905	0.0	0.5541006202501572	0.4489990664248626
teacher	202002	0.0	0.551023567080342	0.18157826173158126
TWITTER	202002	0.0	0.5509492486880119	0.9003092010122994
SPAMMER	201906	0.0	0.5507500723917713	1.8094726775653796
medal	202002	0.0	0.5503126280874447	0.26698124246210014
USED	201911	0.0	0.550165922706685	0.18153598167733367
cumback	202002	0.0	0.5445964945248388	0.3175023125283877
ODPixel	202002	0.0	0.5434372468583386	0.7357833808844707
boobs	202001	0.0	0.5421518484912526	0.18295820738670124
model	202002	0.0	0.5417853008280034	0.13776386383076114
CHAIN	202002	0.0	0.5381511527066368	0.34091036113641787
plant	201905	0.0	0.5375765623612394	1.0706045229843253
DEEK	201905	0.0	0.5358141231067548	0.683874096944995
seem	201906	0.0	0.5353361605370689	0.01240979684284636
ELIMINATED	202001	0.0	0.5344860791908045	0.7046546708279996
notification	201905	0.0	0.5342818222348269	0.13913968317189923
tht	202002	0.0	0.5330790061394315	1.1639744410236619
mexican	201905	0.0	0.5325129415656711	0.6265221579992505
scripted	202002	0.0	0.5316180135122575	0.30034563497258987
SAY	202002	0.0	0.5303855020512033	0.05396425542578743
confused	201905	0.0	0.5298559361187227	0.26891644940117587
w8	201906	0.0	0.5288139787449875	0.6360068751324431
LOSER	201906	0.0	0.5258676751968707	1.4069606852110785
lv	201909	0.0	0.5241173116465407	0.06815500842239994
reference	201905	0.0	0.5238482122933859	1.2258882842083387
timed	201912	0.0	0.5219243096184026	0.2869906020223976
wild	202002	0.0	0.5190821252730229	0.6468978261423861
SUICIDE	202002	0.0	0.5185344852106235	1.336947535316051
chicken	201911	0.0	0.5183740283313417	0.19509071085278176
googled	201906	0.0	0.5179370135691095	1.1419552396408557
brand	201907	0.0	0.5173643591408791	0.7497370043520282
KURO	201905	0.0	0.5166456916567832	0.2305487846611937
CLASSIC	202001	0.0	0.5147590603384705	0.06716318000658551
burn	201905	0.0	0.512050222179496	0.9628435727916689
younger	201905	0.0	0.511166535288778	0.023193294941386493
sacrifice	202002	0.0	0.5083790919578683	1.058885966373715
BED	202002	0.0	0.5051225485314963	0.40147385761253196
dangerous	201905	0.0	0.5031320936720796	0.8331855557054945
destroys	201912	0.0	0.5020683061316473	0.5082818582712826
alr	202001	0.0	0.5017333214015921	0.09649546470828262
FUNgineer	202002	0.0	0.5010914251269505	1.395186575757695
suggestion	202002	0.0	0.5001268886648814	0.7513834949052014
lich	201905	0.0	0.4994089524333143	0.1690383332523698
ESL	202001	0.0	0.4985086279264606	0.6060208623963613
counting	202002	0.0	0.497707026778481	1.1673951360975714
io	202001	0.0	0.49648888235199123	0.11679565098926102
laptop	202002	0.0	0.4963522060126393	0.23575498416642168
killer	202002	0.0	0.49515080330343975	1.1451207735613629
laughing	201905	0.0	0.49443370110433	0.7273821324104253
EXPERIENCE	201907	0.0	0.49376659092154973	1.3318176937757509
ffz	201906	0.0	0.4920644656960964	0.10913888171035738
owned	202002	0.0	0.4890574883086278	0.15827935752281208
confident	201912	0.0	0.4870106304435308	0.7293950407218838
TRIHARD	202002	0.0	0.4866572330145047	1.6229460484389553
Lich	202001	0.0	0.4861170591765498	1.1989718610905196
SUBBED	201908	0.0	0.48604292581261727	1.0737886076039773
noticed	202002	0.0	0.4857409080330828	0.385095347656486
paypal	202002	0.0	0.48448114991172164	0.054735572958640115
calculated	202002	0.0	0.4827122168610982	0.28799587769554125
exort	202002	0.0	0.4810764501532378	0.4168191491446115
strats	201905	0.0	0.4726014117231562	0.5631908099810419
SLARDAR	201906	0.0	0.47141055397910137	1.6540246655745783
Please	201912	0.0	0.4710122426071113	0.18558329606547974
nasty	201906	0.0	0.46899755871167154	0.5685459116574926
yu	202001	0.0	0.46726745510228485	1.4089938957236594
adding	202002	0.0	0.46577826413243884	1.141895762065208
kya	202002	0.0	0.46214351401537057	0.09155513921309873
bath	202002	0.0	0.4595283200514635	0.5786588297056909
Those	201912	0.0	0.4579045747080629	0.46254344296142563
lone	201908	0.0	0.4573514410033634	0.46311008420429
admiral	202002	0.0	0.4536868783265079	0.7972855648613418
tome	202001	0.0	0.44861254525155997	0.03362936909038153
WANTS	201906	0.0	0.44076583217706744	0.8550653918984177
KISS	202002	0.0	0.4368806588437758	1.4717600485906766
gain	201905	0.0	0.43399636629409444	0.4146106442060563
PRETTY	201905	0.0	0.43369925012680927	0.8241782727293726
ahaha	202002	0.0	0.4318877327767102	0.8154688391097702
pressing	201905	0.0	0.42783495534727073	0.37165440253878657
uphill	202002	0.0	0.4252899352431568	0.4814682538549864
Where's	202002	0.0	0.4226763562206717	1.5118359083134634
forsen3	202002	0.0	0.4215589773199886	0.8189233278470491
Rubick	202002	0.0	0.41861997352689784	0.42881863966754646
dumpstered	202002	0.0	0.4138030410251558	0.3127369493221605
sonic	201905	0.0	0.41319402244668235	1.9795533331882218
ahahah	201905	0.0	0.4123440971801931	0.7403383975083225
sticks	201905	0.0	0.40696964083794507	1.7344163593440936
12	201905	0.0	0.4021774561004038	0.18929400272385638
lizzard	201906	0.0	0.397556238832639	0.06247712090625676
climbing	201905	0.0	0.39548215793071073	0.144158324563395
Team	201905	0.0	0.3930362413199373	0.38364233485586535
RETARD	201905	0.0	0.39189757173714146	1.1237830485127402
ixmike	201906	0.0	0.3898758553924662	0.46043836459779736
meepos	202002	0.0	0.37897249287035856	1.010534540829975
forsenWeird	201905	0.0	0.3783844636934477	1.3011853277349759
badge	201905	0.0	0.3671291749222472	0.28067811645910035
GLICK	202002	0.0	0.3658782968748297	0.7186547886029597
HYPEROMEGAZOINKS	201905	0.0	0.36397599734515984	0.025133169939323515
voting	201905	0.0	0.34826299531243066	0.6250565918373725
incel	201909	0.0	0.3470577711033898	0.3531469222780214
digit	201905	0.0	0.34506658067702656	1.0256490317475675
explains	201907	0.0	0.3429216600741787	1.3612565105190153
cleaning	201906	0.0	0.3384533701147252	1.6083722130169318
SUP	202002	0.0	0.3189204919989117	0.9675681812112789
concept	201905	0.0	0.3179044269378034	0.06323972411175074
soy	201906	0.0	0.28242125087352576	0.36590103734966867
un	201912	0.001	2.9341666398665285	2.1255375655005375
highlights	201908	0.001	1.955940845307332	0.3830320288269807
bu	201905	0.001	1.8536816539488874	0.6681111798026942
REMINDER	202002	0.001	1.8527158740697696	0.32798428489758114
giveaway	201910	0.001	1.7627641365327418	1.934885926966873
plane	201905	0.001	1.7157912638811614	2.8141513104603746
retarded	201905	0.001	1.5867573258249275	0.8880639362456918
rtzW	202002	0.001	1.4881916614519106	0.5340164870523179
training	201911	0.001	1.478533889173884	1.748720859676759
gyro	201905	0.001	1.3347349309516567	0.6432339220591194
shovel	201909	0.001	1.2988889665877172	1.455145625581605
mess	202001	0.001	1.2717269381276475	2.9478050753033713
entered	202001	0.001	1.184377046970924	2.3721678020988213
Fake	201910	0.001	1.1813235367206811	0.6571323323333252
legion	202002	0.001	1.1257094585254936	1.3468620938104254
sign	202002	0.001	1.098557065178749	1.9306234249489622
51	201909	0.001	1.0890039686205732	0.4369383341783315
Bsj	202002	0.001	1.072892858360802	1.371296054104396
failed	202002	0.001	1.0694969579479423	0.4629739865693333
retards	201910	0.001	1.0674397810859042	0.7650938405217005
sleeping	201908	0.001	1.0446224315801895	0.9715057374743111
DROP	201905	0.001	1.0201129022049389	2.031602595629915
weaver	201910	0.001	1.0179885189803886	0.7224176851660723
Phoenix	202002	0.001	0.997089958832466	0.10449948229700007
stone	201910	0.001	0.9909082942313762	2.1974126062042063
basement	202001	0.001	0.9879520076055159	0.9835702307030979
Thank	201911	0.001	0.9863486749800421	0.9083098369374573
raerW	202001	0.001	0.9792708531319129	1.500107681995613
memes	202001	0.001	0.968075572665789	1.0459262702237426
xqcS	202002	0.001	0.9498954935846555	1.6178683221821235
KKonaW	201906	0.001	0.9469874507376507	0.3261835535892714
store	201909	0.001	0.9138839742541063	0.3743398673255343
respond	201906	0.001	0.9071594567080081	2.058681040318774
Fly	202002	0.001	0.9047589771856287	1.0609167828737716
Mode	201906	0.001	0.8757227710325182	1.9564017825827327
legs	201910	0.001	0.8715414620330729	0.6768645912016488
INVOKER	202001	0.001	0.8711403935171426	0.09866372500712386
NORMIE	201909	0.001	0.8685922779340369	0.0916831585928545
lowest	202001	0.001	0.862715584788396	0.7014908849405163
KHEZU	202002	0.001	0.851919827096579	1.8239685683347258
fail	202001	0.001	0.8492572099771357	0.6791514020669606
crazy	201910	0.001	0.8357867374188932	0.8195507407798471
winning	202001	0.001	0.8228685576509661	0.546087763299518
known	202001	0.001	0.8178174326685366	1.178865120368937
Lycan	202002	0.001	0.8090896459538035	1.0065770288467297
ve	201905	0.001	0.7937923652301155	0.5899267898332521
Holy	201905	0.001	0.791883027870562	0.4837483209819758
gotten	202001	0.001	0.7898132723197229	0.016539358519283613
wise	202002	0.001	0.7861453461404172	0.5688454238658618
hella	202001	0.001	0.7548797054611565	0.8513107595069094
Puck	201911	0.001	0.7475400019885008	1.0513963250457443
short	201910	0.001	0.7400198522446513	0.6464130759456593
analysis	201911	0.001	0.728006765848454	0.8238867083060016
mount	202002	0.001	0.7187431588293716	0.9238912413195699
FOUNTAIN	201905	0.001	0.7069429518410738	1.4767052725672254
